title,time,details
Searched for warrior,2020-09-17T10:48:17.001Z,
Searched for social dilemma,2020-09-17T08:01:42.067Z,
Searched for social dilemma,2020-09-16T18:57:34.526Z,
Visited https://tribesindia.com?https://www.tribesindia.com/,2020-09-16T18:25:20.373Z,[{'name': 'From Google Ads'}]
Searched for ipad air 4,2020-09-16T05:50:16.111Z,
Searched for freecodecamp.org zero to pandas,2020-09-15T20:00:47.594Z,
Answered survey question,2020-09-15T09:51:53.054Z,[{'name': 'From Google Ads'}]
Searched for captian Philips 6/10,2020-09-13T16:44:18.001Z,
Searched for captian Philips 5/10,2020-09-13T16:41:13.075Z,
Searched for captian Philips 3/10,2020-09-13T16:30:51.678Z,
Searched for charas ganja mere ko pyara,2020-09-13T14:38:32.448Z,
Searched for psychedelic,2020-09-13T14:33:09.479Z,
Searched for psylocke,2020-09-13T14:32:45.865Z,
Searched for soap after 20 sec,2020-09-13T14:03:29.685Z,
Answered survey question,2020-09-12T10:44:28.840Z,[{'name': 'From Google Ads'}]
Searched for cold war,2020-09-10T08:20:09.032Z,
Searched for bol kaffara,2020-09-09T11:14:15.932Z,
Searched for kroor darshan,2020-09-09T06:58:13.599Z,
Searched for freecodecamp.org zero to pandas,2020-09-08T13:58:35.725Z,
Searched for freecodecamp.org,2020-09-08T13:58:21.549Z,
Visited https://www.johnjacobseyewear.com/?utm_source=google&utm_campaign=ET-026-Discovery-TOF-CI-Opt-Checkout,2020-09-07T18:25:05.319Z,[{'name': 'From Google Ads'}]
Searched for quint,2020-09-07T06:30:13.894Z,
Searched for India,2020-09-07T00:55:49.440Z,
Searched for postman,2020-09-04T18:22:59.023Z,
Searched for restfull web services,2020-09-04T18:04:41.184Z,
Searched for rest full web services,2020-09-04T17:55:45.253Z,
Searched for faug,2020-09-04T13:18:24.512Z,
Searched for bhuvan bam,2020-09-04T06:54:28.715Z,
Searched for mkbhd,2020-09-04T03:15:54.033Z,
Searched for technical guruji,2020-09-04T03:15:35.992Z,
Searched for rashi,2020-09-03T04:19:56.360Z,
Searched for mkbhd,2020-09-02T16:47:08.888Z,
Searched for man ki baat august 2020,2020-09-01T06:07:26.551Z,
Searched for mastaani,2020-08-31T17:47:56.465Z,
Searched for yogi baba,2020-08-31T17:41:04.222Z,
Answered survey question,2020-08-31T11:24:35.948Z,[{'name': 'From Google Ads'}]
Searched for we are awesome 2020,2020-08-31T10:31:01.892Z,
Searched for man ki baat august 2020,2020-08-31T09:13:52.689Z,
Searched for man ki baat,2020-08-31T09:12:39.066Z,
Searched for docking,2020-08-31T08:25:12.201Z,
Searched for yusuf story,2020-08-30T18:06:15.347Z,
Searched for yousuf story,2020-08-30T18:03:25.570Z,
Searched for yousuf,2020-08-30T18:03:12.389Z,
Searched for yakub,2020-08-30T18:03:01.961Z,
Searched for man ki baat August 2020,2020-08-30T16:50:51.750Z,
Searched for man ki baat,2020-08-30T16:50:20.877Z,
Searched for free code camp,2020-08-30T06:22:39.802Z,
Searched for c,2020-08-29T14:45:50.107Z,
Searched for meduza,2020-08-29T05:38:15.384Z,
Visited https://www.decathlon.in/p/8173020/universal-bike-cyclometer-magnet#fo_c=1720&fo_k=725bc426d4945161a55451f67ae1a0e1&fo_s=gplain?utm_source=google&utm_medium=cpc&utm_campaign=Shopping_Cycling_V3_Dec'19_RPC&utm_content=Cycling_%3e_Cycling_Accessories_%3e_Bike_Computers&utm_term=,2020-08-28T18:43:48.368Z,[{'name': 'From Google Ads'}]
Searched for attahiyat lillahi wa salawatu,2020-08-28T18:04:47.716Z,
Searched for c,2020-08-28T15:00:49.572Z,
Visited https://www.flipkart.com/oppo-a53-coming-soon-ii23j72k-store?ocmpid=BrandAd_OPPO_A53_Media_YTV_FK32,2020-08-28T14:57:16.629Z,[{'name': 'From Google Ads'}]
Searched for OnePlus 8t,2020-08-28T14:14:02.334Z,
Searched for OnePlus 8,2020-08-28T14:13:56.256Z,
Searched for detach interstellar,2020-08-27T17:06:48.613Z,
Searched for detach,2020-08-27T17:06:35.348Z,
Searched for him and i,2020-08-25T18:02:59.455Z,
Searched for attahiyat full,2020-08-25T16:04:48.642Z,
Searched for 200 iq,2020-08-25T10:03:21.689Z,
Searched for quran about character assassination hindi,2020-08-25T05:12:19.833Z,
Searched for allah about character assassination hindi,2020-08-25T05:11:58.391Z,
Searched for #YasirQadhi,2020-08-24T18:56:32.704Z,
Visited https://www.flipkart.com/realme-c15/p/itm70ebdb8a0fbdf?pid=MOBFUEPQUYDNJFAG&cmpid=socialorg_realmeC15_BrandFilm_YT,2020-08-24T17:40:09.365Z,[{'name': 'From Google Ads'}]
Searched for pubgm god,2020-08-24T12:59:48.120Z,
Searched for segarazo,2020-08-23T08:30:00.969Z,
Searched for oneplus 6 custom rom,2020-08-23T08:18:25.072Z,
Searched for on and on,2020-08-19T11:16:27.027Z,
Searched for are yaar meri,2020-08-19T11:02:46.870Z,
Searched for temple glitch,2020-08-19T03:49:13.050Z,
Searched for tafsir hindi,2020-08-18T19:14:12.090Z,
Searched for tafsir,2020-08-18T19:12:15.477Z,
Searched for dasha taran,2020-08-16T10:37:09.533Z,
Searched for c in 4 hours,2020-08-15T08:18:13.590Z,
Searched for watch dogs on mobile,2020-08-15T05:13:16.321Z,
Searched for watch dogs,2020-08-15T05:12:58.275Z,
Searched for him and i,2020-08-14T17:53:51.658Z,
Searched for c15,2020-08-14T15:01:21.540Z,
Searched for how to be a good husband,2020-08-14T04:39:51.383Z,
Searched for free quran education,2020-08-14T04:37:35.133Z,
Searched for why are we even,2020-08-13T19:35:14.905Z,
Searched for OnePlus,2020-08-13T14:15:59.390Z,
Searched for play with fire,2020-08-13T09:03:36.679Z,
Searched for sadak 2 trailer,2020-08-12T12:55:05.811Z,
Searched for varun grover,2020-08-12T08:40:36.237Z,
Searched for shroud skin,2020-08-12T06:05:38.035Z,
Searched for how to tweak your kernel,2020-08-10T19:04:09.347Z,
Searched for how to manage your kernel,2020-08-10T19:03:43.849Z,
Searched for how to manage your kernal,2020-08-10T19:03:38.050Z,
Searched for ali,2020-08-10T14:18:13.119Z,
Searched for rom,2020-08-09T20:29:47.634Z,
Searched for sanhok.exe,2020-08-09T20:24:12.731Z,
Searched for realme 6i,2020-08-09T13:40:21.224Z,
Searched for oxygen os 11,2020-08-09T13:34:14.908Z,
Searched for Samsung fridge,2020-08-08T05:26:43.043Z,
Searched for how to backuo full rom,2020-08-07T18:29:59.604Z,
Searched for realme 6i vs,2020-08-06T13:47:53.218Z,
Searched for narzo 10a performance,2020-08-06T13:20:28.687Z,
Visited market://details?id=com.snapchat.android,2020-08-06T13:19:48.755Z,[{'name': 'From Google Ads'}]
Searched for narzo 10 performance,2020-08-06T13:19:36.716Z,
Searched for 3d sound,2020-08-05T19:57:01.901Z,
Searched for OnePlus 6 custom,2020-08-05T19:25:21.518Z,
Searched for OnePlus 6,2020-08-05T19:25:13.322Z,
Searched for best tv in india 2020,2020-08-05T17:10:25.160Z,
Searched for realme 6i,2020-08-05T10:04:53.382Z,
Searched for aod for oneplus,2020-08-05T09:49:27.117Z,
Searched for mkbhd,2020-08-05T05:44:56.928Z,
Searched for dasha taran,2020-08-04T19:27:45.022Z,
Searched for pubg squad 999,2020-08-04T17:53:42.241Z,
Searched for pubg tactics and tips,2020-08-04T12:11:34.428Z,
Searched for corvus,2020-08-03T19:52:38.136Z,
Searched for always on display,2020-08-03T19:43:54.076Z,
Visited market://details?id=com.amazon.mp3,2020-08-03T19:24:43.387Z,[{'name': 'From Google Ads'}]
Searched for sound quality,2020-08-03T11:40:36.159Z,
Searched for pubg 999,2020-08-03T11:16:39.606Z,
Searched for custom rom oneplus 6,2020-08-03T07:24:12.911Z,
Searched for oem unlock OnePlus 6,2020-08-03T07:02:30.493Z,
Searched for oem unlock,2020-08-03T07:01:31.282Z,
Searched for standup,2020-08-02T18:00:01.115Z,
Searched for pubg screen smoother,2020-08-02T14:27:51.630Z,
Searched for OnePlus 6 custom techi bee,2020-08-02T13:35:40.664Z,
Searched for OnePlus 6 custom techi,2020-08-02T13:35:29.263Z,
Searched for OnePlus 6 custom,2020-08-02T13:35:06.099Z,
Searched for OnePlus 6,2020-08-02T13:34:55.254Z,
Searched for corvus vs oxygenos,2020-08-02T11:38:12.977Z,
Searched for oneplus 7t vs oneplus nord,2020-08-02T11:20:34.183Z,
Searched for oneplus 6 twrp install,2020-08-02T08:58:34.289Z,
Searched for corvus in OnePlus 6,2020-08-02T08:11:00.195Z,
Searched for pubg oxygen os,2020-08-01T19:57:22.281Z,
Searched for why don't you say so,2020-08-01T16:09:36.315Z,
Searched for Germany pune,2020-08-01T11:14:32.460Z,
Searched for shridhar,2020-08-01T11:14:23.117Z,
Searched for OnePlus 6 rom,2020-07-31T19:14:16.921Z,
Searched for oxygen os vs custom rom,2020-07-31T19:00:59.443Z,
Searched for mkbhd,2020-07-31T11:27:11.382Z,
Searched for OnePlus 6 pubg,2020-07-31T05:55:44.705Z,
Searched for how to rooot OnePlus 6,2020-07-30T09:22:08.818Z,
Searched for yam yam song,2020-07-29T20:11:25.994Z,
Searched for bull attack in village pakistan shoot with gun,2020-07-28T19:48:10.030Z,
Searched for bull attack in village pakistan,2020-07-28T19:47:58.167Z,
Searched for bull attack in village india,2020-07-28T19:47:28.211Z,
Searched for bull attack,2020-07-28T19:47:19.675Z,
Searched for mad cow,2020-07-28T19:46:10.957Z,
Searched for airsoft toy gun,2020-07-28T19:42:43.509Z,
Searched for co2 gun firing,2020-07-28T19:42:00.726Z,
Searched for jerryrigeverything,2020-07-28T05:10:44.902Z,
Searched for mortal best pubg moments,2020-07-27T19:52:21.086Z,
Searched for pubg Iq,2020-07-27T19:47:43.285Z,
Searched for standup,2020-07-27T19:17:42.118Z,
Searched for Playing with fire,2020-07-27T14:48:11.944Z,
Visited http://clickserve.dartsearch.net/link/click?&&ds_e_adid=435319671961&ds_e_matchtype=&ds_e_device=m&ds_e_network=&&ds_url_v=2&ds_dest_url=https://www.airtel.in/broadband/?utm_Source=pfx_google_display_discover_broadband_custom_audience&utm_content=broadband_custom_audience&utm_medium=discover&utm_campaign=discovery_Open_Feb'20&cid=dsp&gclsrc=aw.ds&,2020-07-27T10:00:23.534Z,[{'name': 'From Google Ads'}]
Searched for introduction to design engineer,2020-07-25T05:58:30.470Z,
Searched for introduction to design,2020-07-25T05:58:18.945Z,
Searched for jerryrigeverything,2020-07-25T05:44:01.799Z,
Searched for jerryrigeverything oneplus nord,2020-07-25T05:43:52.781Z,
Searched for jerryrigeverything m20,2020-07-25T05:43:24.424Z,
Searched for pibg gyro,2020-07-24T13:20:04.175Z,
Searched for ssc clg,2020-07-22T08:15:46.100Z,
Searched for oneplus earbuds,2020-07-22T06:38:43.772Z,
Searched for dave lee,2020-07-22T06:36:41.073Z,
Searched for say so,2020-07-22T05:35:04.207Z,
Searched for OnePlus,2020-07-21T14:25:42.599Z,
Searched for kitty kitty do you love me,2020-07-21T09:37:36.826Z,
Searched for production engineer,2020-07-21T08:59:18.445Z,
Searched for tell me about yourself interview,2020-07-21T08:47:07.170Z,
Searched for 765g,2020-07-20T07:14:15.644Z,
Searched for 765,2020-07-20T07:14:10.914Z,
Searched for unbox therapy,2020-07-19T14:45:16.361Z,
Searched for mini 14 vs m416 pubg,2020-07-17T08:07:52.439Z,
Searched for mini 14 pubgm,2020-07-17T08:04:36.036Z,
Searched for mini 14 pubg,2020-07-17T08:04:33.411Z,
Searched for mini 14 auto pubg,2020-07-17T08:01:22.406Z,
Searched for death bed,2020-07-17T07:07:25.478Z,
Searched for how to gyroscope pubg mobile,2020-07-16T10:28:29.935Z,
Searched for death bed,2020-07-16T07:04:48.404Z,
Searched for vaibhavyt,2020-07-15T19:38:07.578Z,
Searched for vaibhav,2020-07-15T19:38:02.518Z,
Searched for pubg sensitivity settings,2020-07-15T19:37:17.314Z,
Searched for best budget phone,2020-07-15T04:24:49.123Z,
Searched for sensitivity,2020-07-14T07:48:29.603Z,
Searched for kunal kamra,2020-07-12T10:00:57.094Z,
Searched for fnatic in OnePlus 6,2020-07-12T07:52:34.115Z,
Searched for kunal kamra,2020-07-11T16:18:49.059Z,
Searched for gary sims,2020-07-11T11:43:26.770Z,
Searched for i love your voice,2020-07-11T06:47:34.324Z,
Searched for panda,2020-07-11T04:49:47.857Z,
Searched for ninja,2020-07-10T07:36:56.074Z,
Searched for marques brownlee,2020-07-07T15:20:57.521Z,
Searched for pubg bootcamp,2020-07-07T07:12:25.353Z,
Searched for pubg team,2020-07-07T07:12:03.314Z,
Searched for pubg,2020-07-07T07:11:47.556Z,
Visited market://details?id=com.discoveryplus.mobile.android,2020-07-07T07:01:48.053Z,[{'name': 'From Google Ads'}]
Searched for budget laptop 2020,2020-07-06T12:13:30.114Z,
Searched for all the boys i've loved before kiss,2020-07-05T07:37:00.001Z,
Searched for all the boys i've loved before kids,2020-07-05T07:36:55.198Z,
Searched for all the boys i've loved before,2020-07-05T07:35:47.896Z,
Searched for gd bakshi,2020-07-05T05:59:06.999Z,
Searched for my baby love,2020-07-04T19:29:03.424Z,
Searched for OnePlus,2020-07-02T15:10:36.940Z,
Searched for pete lau,2020-07-02T14:01:28.324Z,
Searched for oneplus,2020-06-30T14:05:00.673Z,
Searched for OnePlus,2020-06-30T07:54:21.471Z,
Searched for #EnglishSongLyrics,2020-06-29T14:09:42.973Z,
Searched for my baby love,2020-06-29T14:09:08.772Z,
Searched for bam bam bam bam,2020-06-28T14:17:19.269Z,
Searched for realme x3,2020-06-28T13:33:01.884Z,
Searched for x3,2020-06-28T08:51:24.405Z,
Searched for x4,2020-06-28T08:51:20.896Z,
Searched for ted riddle,2020-06-27T10:18:41.642Z,
Searched for technical guruji,2020-06-27T08:23:24.413Z,
Searched for mkbhd,2020-06-27T08:22:09.580Z,
Searched for playdate,2020-06-26T13:22:51.021Z,
Searched for ipad mini 5,2020-06-25T08:53:05.078Z,
Searched for ipad mini 5,2020-06-25T06:40:44.916Z,
Searched for budget monitor 18 inch,2020-06-23T18:05:46.904Z,
Searched for budget monitor,2020-06-23T17:56:20.594Z,
Searched for playdate,2020-06-22T17:06:47.938Z,
Searched for playdate,2020-06-22T15:15:39.913Z,
Searched for scout erangel 2.0,2020-06-22T11:06:37.391Z,
Searched for growing up with pravya and drisha,2020-06-21T16:49:02.016Z,
Searched for growing up with prvya,2020-06-21T16:48:49.812Z,
Searched for bharat 5,2020-06-21T16:43:43.823Z,
Searched for motivation by dhinchak pooja,2020-06-21T15:48:49.533Z,
Searched for motivation,2020-06-21T15:45:20.254Z,
Searched for Eclipse live,2020-06-21T05:38:12.156Z,
Visited market://details?id=com.moonvideo.android.resso,2020-06-20T12:57:11.662Z,[{'name': 'From Google Ads'}]
Searched for playdate,2020-06-18T13:09:04.566Z,
Searched for amd 4000 ryzen,2020-06-17T09:19:38.039Z,
Searched for amd vs intel,2020-06-17T09:19:03.885Z,
Searched for infinity war snap scene,2020-06-16T16:29:51.240Z,
Searched for moto z2 play disassembly,2020-06-16T14:56:45.968Z,
Searched for realme 10a,2020-06-11T05:26:28.025Z,
Searched for realme 6,2020-06-11T05:23:28.747Z,
Searched for premiere pro free alternative,2020-06-10T15:08:21.183Z,
Searched for premiere pro alternative,2020-06-10T15:07:21.613Z,
Searched for Subscribe animation,2020-06-06T15:20:54.411Z,
Searched for hand below animation,2020-06-06T15:16:26.389Z,
Searched for 2d blast animations,2020-06-06T14:27:30.881Z,
Searched for 2d small animations,2020-06-06T14:27:00.299Z,
Searched for emoji animation,2020-06-06T11:45:52.341Z,
Searched for bored black screen animation,2020-06-06T09:10:42.441Z,
Searched for welcome with black screen animation,2020-06-06T08:13:25.381Z,
Searched for welcome with black screen,2020-06-06T08:13:15.503Z,
Searched for hi animation with blackscreen,2020-06-05T17:19:49.119Z,
Searched for free green screen transition effect narasiid,2020-06-05T06:19:56.793Z,
Searched for free green screen transition effect,2020-06-05T06:18:54.443Z,
Searched for free green screentransition  effect,2020-06-05T06:18:38.789Z,
Searched for growing up with prvya,2020-06-05T06:13:47.682Z,
Searched for free green screen transition effects,2020-06-05T06:12:07.374Z,
Searched for free green screen trans,2020-06-05T06:11:57.399Z,
Searched for how to make a youtube video thumbnail,2020-05-15T09:14:49.650Z,
Searched for How to roll back to stable oneplus 6,2020-05-12T17:44:12.319Z,
Searched for How to roll back to stable oneplus 6,2020-05-11T08:57:42.043Z,
Searched for oneplus 7t,2020-05-09T09:44:56.492Z,
Searched for skill-lync,2020-04-23T05:10:03.090Z,
Searched for ssimpotashka decrypt,2020-04-17T14:43:55.012Z,
Searched for ssimpotashka,2020-04-17T14:43:43.530Z,
Searched for how to make intro nad outro,2020-04-16T07:40:07.720Z,
Searched for note 10 lite,2020-01-04T20:00:53.275Z,
Searched for mqbhd,2020-01-04T19:54:26.827Z,
Searched for s10 lite,2020-01-04T17:46:24.345Z,
Searched for mqbhd,2020-01-04T17:46:02.689Z,
Searched for smart watch budget,2020-01-04T17:35:09.082Z,
Searched for oneplus 6 vs oneplus 5t,2020-01-04T17:33:04.228Z,
Searched for oneplus 6 in 2019,2020-01-04T17:31:55.934Z,
Searched for oneplus 6 in 2019,2020-01-04T15:10:11.328Z,
Searched for igbt,2020-01-02T11:57:38.076Z,
Searched for current mirror igbt,2020-01-02T11:57:16.815Z,
Searched for current mirror circuit,2020-01-02T11:57:06.661Z,
Searched for igbt motor controller,2020-01-02T11:56:08.597Z,
Searched for igbt driver circuit,2020-01-02T11:48:54.694Z,
Searched for upload and fetch image firebase,2020-01-02T11:09:55.622Z,
Searched for cathlin car,2020-01-02T08:22:49.182Z,
Searched for white screen,2020-01-01T15:12:30.393Z,
Searched for screen burn in oneplus 6,2020-01-01T15:11:02.597Z,
Searched for oneplus 6 in 2019,2020-01-01T15:01:08.169Z,
Searched for two degree of freedom system vibration,2020-01-01T06:35:52.072Z,
Searched for OnePlus 6 mqbhd,2020-01-01T03:29:34.998Z,
Searched for OnePlus 6,2020-01-01T03:29:07.634Z,
Searched for oneplus 6 vs oneplus 5t,2019-12-31T18:31:11.784Z,
Searched for 2160p,2019-12-31T14:11:19.757Z,
Searched for 1080p,2019-12-31T14:08:34.380Z,
Searched for leg day fails,2019-12-31T10:14:32.122Z,
Searched for 1080p,2019-12-30T18:28:55.572Z,
Searched for smartphone under 5000,2019-11-04T16:01:01.097Z,
Searched for realme c2,2019-11-04T14:55:24.304Z,
Searched for best smartphone under 6000,2019-11-04T14:52:35.075Z,
Searched for best smartphone under 10000,2019-11-04T14:47:21.548Z,
Searched for interfacing esp8266 with atmega16,2019-11-04T14:10:44.132Z,
Searched for interfacing esp8266 with atmega64,2019-11-04T13:31:41.872Z,
Searched for usart in atmega64,2019-11-04T13:20:11.312Z,
Searched for USART,2019-11-04T13:18:41.317Z,
Searched for atmel programming basics,2019-11-03T11:18:56.898Z,
Searched for atmega programmingbasic,2019-11-03T11:18:52.023Z,
Searched for atmega usart basic,2019-11-03T11:16:24.922Z,
Searched for atmega 64,2019-11-03T11:14:52.401Z,
Searched for how to simulate wifi module in proteus,2019-11-01T12:07:47.500Z,
Searched for led blinking with atmega 16 on proteus,2019-11-01T11:46:12.555Z,
Searched for inerfacing of wifi module esp8266 with atmega16,2019-11-01T11:20:27.189Z,
Searched for inerfacing of wifi module esp8266 with pic on proteus,2019-11-01T11:19:18.370Z,
Searched for atmel studio 7 tutorial,2019-10-24T08:36:02.935Z,
Searched for mastercam lathe tutorial,2019-10-23T09:25:22.486Z,
Searched for mastercam milling tutorial,2019-10-23T09:02:23.679Z,
Searched for print a number triangle in c,2019-10-22T18:37:45.620Z,
Searched for print a star triangle in c,2019-10-22T18:04:32.386Z,
Searched for road to jungle music,2019-10-06T17:52:31.354Z,
Searched for roar,2019-10-06T10:28:47.277Z,
Searched for hershey cocoa powder recipes,2019-10-06T09:07:49.052Z,
Searched for cocoa powder recipes,2019-10-06T08:59:59.303Z,
Searched for daily dose of cocoa powder,2019-10-06T08:29:42.302Z,
Searched for is cocoa powder healthy,2019-10-06T04:37:58.865Z,
Searched for 1080p,2019-10-06T03:56:43.897Z,
Searched for benefits of cocoa powder with milk,2019-10-06T03:26:45.190Z,
Searched for mqbhd,2019-10-05T18:09:11.901Z,
Searched for yogendra yadav savage,2019-10-05T04:36:09.520Z,
Searched for yogendra yadav sawage,2019-10-05T04:36:05.819Z,
Searched for yogendra yadav,2019-10-05T04:34:46.827Z,
Searched for surface headphones,2019-10-05T04:11:38.132Z,
Searched for amit shah speech today,2019-10-04T16:57:05.915Z,
Searched for kanhaiya kumar 2 oct,2019-10-04T10:35:19.500Z,
Searched for kanhaiya kumar,2019-10-04T10:35:05.150Z,
Searched for istekhara shaitan,2019-10-02T16:39:07.346Z,
Searched for istekhara could be,2019-10-02T16:38:58.291Z,
Searched for istikhara,2019-10-02T16:38:37.763Z,
Searched for istekhara,2019-10-02T16:38:17.026Z,
Searched for OnePlus 7t,2019-10-02T10:31:02.528Z,
Searched for oneplus 7t vs oppo,2019-10-02T10:28:19.959Z,
Searched for video,2019-09-30T16:52:56.618Z,
Searched for dolby,2019-09-30T09:55:55.640Z,
Searched for dolby sound channel architecture,2019-09-30T09:53:29.593Z,
Searched for dolby sound channel,2019-09-30T09:53:19.959Z,
Searched for 3d sound,2019-09-30T09:47:39.366Z,
Searched for kashmir the print,2019-09-30T09:21:01.693Z,
Searched for kashmir,2019-09-30T09:20:51.420Z,
Searched for the print,2019-09-30T09:19:22.098Z,
Searched for bb ki vines voice,2019-09-29T18:32:54.440Z,
Searched for bb ki vines,2019-09-29T18:29:50.272Z,
Searched for bbkivines,2019-09-29T18:29:19.817Z,
Searched for kunal kamra,2019-09-29T18:18:38.476Z,
Searched for standup,2019-09-29T17:53:59.697Z,
Searched for stabilizer,2019-09-29T17:40:19.923Z,
Searched for 3d sound,2019-09-29T17:24:15.892Z,
Searched for 3d soun,2019-09-29T17:20:12.068Z,
Searched for 3d movies,2019-09-29T17:19:53.746Z,
Searched for yaseen by mishary,2019-09-29T12:14:45.838Z,
Searched for yaseen,2019-09-29T12:13:09.697Z,
Searched for arey yaar meri tum bhi ho gazab,2019-09-29T11:53:00.825Z,
Searched for realme vs boat 225f,2019-09-29T03:19:29.310Z,
Searched for realme vs boat 225,2019-09-29T03:06:25.287Z,
Searched for boat 225,2019-09-28T15:06:42.826Z,
Searched for tell them,2019-09-28T15:06:34.128Z,
Searched for tell them,2019-09-28T13:52:27.262Z,
Searched for it ain't me,2019-09-28T13:34:28.800Z,
Searched for varun grover,2019-09-28T12:29:33.242Z,
Searched for varun grover,2019-09-28T09:10:13.208Z,
Searched for azadi,2019-09-28T08:52:51.301Z,
Searched for pune news,2019-09-26T07:14:56.337Z,
Searched for gon vs pitou,2019-09-25T16:15:54.200Z,
Searched for dhanshree barbole,2019-09-25T08:07:09.098Z,
Searched for ppg films 2018,2019-09-25T07:43:57.115Z,
Searched for ppg flims 2018,2019-09-25T07:43:39.593Z,
Searched for ppg flims,2019-09-25T05:32:49.200Z,
Searched for naruto sad,2019-09-24T17:56:19.206Z,
Searched for naruto,2019-09-24T17:55:55.127Z,
Searched for raffaello d'andrea,2019-09-24T14:58:54.992Z,
Searched for gle,2019-09-24T12:58:49.447Z,
Searched for ravish kumar,2019-09-24T12:01:06.714Z,
Searched for saas bhi kabhi bahu thi remix,2019-09-24T11:40:54.382Z,
Searched for bbc earth,2019-09-22T15:36:37.986Z,
Searched for kare to kare kya bole to bole kya,2019-09-22T10:34:32.343Z,
Searched for honey badger,2019-09-22T09:32:03.451Z,
Searched for indian election patriot act,2019-09-21T16:25:11.079Z,
Searched for india election,2019-09-21T16:24:58.239Z,
Searched for the patriot act theme song,2019-09-21T07:37:38.918Z,
Searched for left right earphone test,2019-09-20T11:33:21.834Z,
Searched for tdk earphones,2019-09-20T10:24:27.476Z,
Searched for 3d printing polyjet,2019-09-20T06:30:07.374Z,
Searched for 3d printing process,2019-09-20T06:26:58.061Z,
Searched for abp news,2019-09-19T08:55:36.090Z,
Searched for hasan minhaj,2019-09-18T19:14:15.386Z,
Searched for patriot act music,2019-09-18T19:09:48.321Z,
Searched for patriot act hasan minhaj,2019-09-18T18:20:02.890Z,
Searched for patriotic songs,2019-09-18T18:19:56.224Z,
Searched for magisk,2019-09-18T17:41:14.785Z,
Searched for revolt rv400,2019-09-18T16:29:21.452Z,
Searched for naruto sad,2019-09-18T15:51:16.708Z,
Searched for #standupcomedy,2019-09-18T07:08:34.603Z,
Searched for stand up comedy indian,2019-09-18T06:59:43.464Z,
Searched for #standup,2019-09-18T06:59:37.285Z,
Searched for standup,2019-09-18T06:57:58.618Z,
Searched for captain America shield test,2019-09-17T17:41:59.275Z,
Searched for pubg boy mad,2019-09-17T15:25:45.610Z,
Searched for pubg,2019-09-17T15:25:32.570Z,
Searched for pubg crazy boy,2019-09-17T15:24:43.812Z,
Searched for parody,2019-09-17T14:11:31.279Z,
Searched for parody,2019-09-17T12:11:22.315Z,
Searched for pal pal dil,2019-09-16T16:52:16.975Z,
Searched for choodiyan,2019-09-16T16:50:52.767Z,
Searched for joker robin,2019-09-16T08:45:15.509Z,
Searched for joker anime story,2019-09-16T08:38:53.537Z,
Searched for joker anime,2019-09-16T08:38:45.233Z,
Searched for joker,2019-09-16T08:33:43.603Z,
Searched for standup,2019-09-15T05:42:09.526Z,
Searched for 1more piston fit vs,2019-09-14T16:59:58.192Z,
Searched for 1more piston fit vs mi earphones,2019-09-14T16:52:19.541Z,
Searched for naruto sad,2019-09-14T15:26:23.258Z,
Searched for naruto,2019-09-14T15:26:19.929Z,
Searched for earphone test,2019-09-14T14:54:31.786Z,
Searched for earphone test,2019-09-13T19:01:19.952Z,
Searched for blink earphones,2019-09-13T18:30:16.879Z,
Searched for blink play earphones,2019-09-13T18:28:21.860Z,
Searched for sennheiser,2019-09-13T18:15:23.278Z,
Searched for sennheiser cx 180 vs jbl c100si,2019-09-13T18:10:53.591Z,
Searched for sennheiser cx 180,2019-09-13T18:10:46.720Z,
Searched for best budget earphones,2019-09-13T18:05:27.125Z,
Searched for best earphones under 1000 rs,2019-09-13T16:23:23.582Z,
Searched for best earphones,2019-09-13T16:23:17.070Z,
Searched for left right earphone test,2019-09-13T14:48:31.527Z,
Searched for how to colour code earphone,2019-09-13T14:46:01.629Z,
Searched for how to give a child burb,2019-09-13T09:19:20.995Z,
Searched for how to give a child butb,2019-09-13T09:19:12.042Z,
Searched for how to give a child occur,2019-09-13T09:19:07.722Z,
Searched for m.2 vs optane,2019-09-13T02:33:33.909Z,
Searched for optane +ssd,2019-09-13T02:32:05.941Z,
Searched for optane memory,2019-09-13T02:24:01.875Z,
Searched for revisit,2019-09-12T19:08:23.837Z,
Searched for review,2019-09-12T19:07:44.606Z,
Searched for i3 vs i5 vs i7 8th generation,2019-09-12T16:43:21.310Z,
Searched for i3 vs i5 vs i7,2019-09-12T16:42:11.163Z,
Searched for ryzen 3rd gen,2019-09-12T16:05:00.281Z,
Searched for r3 3200g vs i3 8100,2019-09-12T15:55:06.655Z,
Searched for r3 vs i3,2019-09-12T15:54:49.920Z,
Searched for ryzen 3rd gen vs intel 9th gen,2019-09-12T15:48:10.200Z,
Searched for ryzen 3rd gen,2019-09-12T15:23:02.575Z,
Searched for funny commercials,2019-09-12T11:47:48.894Z,
Searched for funny tik tok videos,2019-09-12T11:47:41.755Z,
Searched for xps 13 2015,2019-09-11T16:51:51.815Z,
Searched for iphone 11 pro,2019-09-11T04:36:17.880Z,
Searched for custom laptop,2019-09-10T18:50:55.994Z,
Searched for the verge build a pc,2019-09-10T09:30:48.660Z,
Searched for the verge,2019-09-10T09:30:39.634Z,
Searched for in a nutshell,2019-09-09T18:29:04.954Z,
Searched for why do we fast in muharram,2019-09-09T00:53:22.979Z,
Searched for how to build watch dogs bot,2019-09-08T18:34:29.502Z,
Searched for how to build watch dogs,2019-09-08T18:33:09.117Z,
Searched for best budget laptop,2019-09-08T15:39:40.413Z,
Searched for watch dogs 2 full running download,2019-09-08T15:33:28.072Z,
Searched for watch dogs 2 crash fix,2019-09-08T14:30:29.454Z,
Searched for pixel 2 beta,2019-09-07T18:35:06.059Z,
Searched for pixel 2 xl,2019-09-07T17:55:07.306Z,
Searched for pixel 2,2019-09-07T17:54:22.230Z,
Searched for pixel 2 beta,2019-09-07T17:54:04.893Z,
Searched for pixel 2 android q,2019-09-07T17:52:08.504Z,
Searched for OnePlus 5,2019-09-07T17:25:50.516Z,
Searched for wifi packets through android,2019-09-07T16:42:09.428Z,
Searched for wifi packets,2019-09-07T16:30:56.305Z,
Searched for how to scan wifi signals through phone,2019-09-07T16:30:18.818Z,
Searched for realme 5 pro vs pixel 2,2019-09-07T07:10:12.363Z,
Searched for realme 5 pro vs,2019-09-07T07:10:03.953Z,
Searched for realme 5 pro,2019-09-07T06:53:38.778Z,
Searched for under 15000 best phone 2019,2019-09-07T06:46:55.957Z,
Searched for pixel 2 vs,2019-09-06T19:02:40.992Z,
Searched for google pixel 2,2019-09-06T18:58:17.769Z,
Searched for pixel 2,2019-09-06T18:52:59.588Z,
Searched for pixel 2 in 2019,2019-09-06T18:52:32.446Z,
Searched for pixel 2 xl in 2019,2019-09-06T18:52:27.440Z,
Searched for #hardwarecanucks,2019-09-06T18:47:00.235Z,
Searched for curta calculator,2019-09-06T18:02:19.827Z,
Searched for pixel 2 vs oneplus 5,2019-09-06T16:41:19.404Z,
Searched for watch dogs 2 crashing at island,2019-09-06T16:15:33.155Z,
Searched for watch dogs 2 quadcopter,2019-09-06T14:41:16.558Z,
Searched for watch dogs 2 hacking laptop,2019-09-06T14:40:04.370Z,
Searched for watch dogs 2 crashing at island,2019-09-06T14:39:31.325Z,
Searched for itachi,2019-09-06T10:54:03.030Z,
Searched for dheeme dheeme,2019-09-06T10:51:56.888Z,
Searched for watch dogs 2 crashing at island,2019-09-05T17:54:44.449Z,
Searched for how to get rid of helicopter in watch dog 2 without,2019-09-04T16:17:26.627Z,
Searched for application run size tool,2019-09-04T14:47:55.618Z,
Searched for watch dogs 2 crashing during gameplay,2019-09-04T14:22:56.018Z,
Searched for watch dogs,2019-09-04T04:14:10.414Z,
Searched for watch dogs 2 crashing during gameplay,2019-09-03T16:55:23.211Z,
Searched for watch dogs 2 not running smoothly,2019-09-03T15:54:19.800Z,
Searched for 3d song,2019-09-03T12:52:47.050Z,
Searched for r,2019-09-03T12:51:01.233Z,
Searched for how to solder the earphone wire,2019-09-03T10:49:19.259Z,
Searched for how to solder the speaker wire,2019-09-03T10:48:55.374Z,
Searched for thugs of hindustan in a nutshell yogi baba,2019-09-03T09:48:06.492Z,
Searched for baba,2019-09-03T09:17:26.690Z,
Searched for pachtaoge song,2019-09-03T06:41:08.306Z,
Searched for 3 axis gimbal,2019-09-02T15:53:05.384Z,
Searched for how to open a studd visor,2019-09-02T07:16:47.097Z,
Searched for revolt rv 400 0-60,2019-08-31T17:52:36.385Z,
Searched for revolt,2019-08-31T17:51:56.266Z,
Searched for revolt,2019-08-31T16:10:17.913Z,
Searched for a silent voice,2019-08-30T15:45:21.620Z,
Searched for naruto sad,2019-08-30T10:42:22.081Z,
Searched for zaheer,2019-08-30T10:37:56.484Z,
Searched for bad teacher,2019-08-29T13:22:58.054Z,
Searched for teacher gets pregnant,2019-08-29T13:22:47.993Z,
Searched for how to opendoor in watch dogs 2,2019-08-29T12:13:11.710Z,
Searched for weighted point method for material selection,2019-08-29T06:41:59.660Z,
Searched for watch dogs,2019-08-28T10:23:10.831Z,
Searched for bioshock infinite,2019-08-27T18:20:55.650Z,
Searched for cyberpunk,2019-08-27T15:02:52.086Z,
Searched for des ex,2019-08-27T14:48:54.060Z,
Searched for watchdog 2,2019-08-27T12:04:37.265Z,
Searched for jiyein kyun mtv unplugged,2019-08-27T10:59:52.483Z,
Searched for jiyein kyun dance,2019-08-27T10:58:24.546Z,
Searched for jiyein kyun,2019-08-27T10:58:16.997Z,
Searched for jiyen kyun,2019-08-27T10:57:58.263Z,
Searched for parasite maximum,2019-08-27T10:35:16.675Z,
Searched for parasite,2019-08-27T10:31:54.238Z,
Searched for bullying wrong girl anime,2019-08-27T09:38:03.870Z,
Searched for bullying wrong girl,2019-08-27T09:37:20.565Z,
Searched for pachtaoge song,2019-08-27T09:31:38.008Z,
Searched for studds d7,2019-08-27T03:37:44.604Z,
Searched for naruto sad,2019-08-26T18:33:46.434Z,
Searched for hagemaru song,2019-08-26T12:46:02.385Z,
Searched for shinchan in hindi intro song,2019-08-26T12:44:43.889Z,
Searched for shinchan in hindi,2019-08-26T12:44:38.660Z,
Searched for perman intro song,2019-08-26T12:42:36.414Z,
Searched for perman song,2019-08-26T12:42:21.704Z,
Searched for perman,2019-08-26T12:41:45.927Z,
Searched for permab,2019-08-26T12:41:43.249Z,
Searched for undersea game,2019-08-26T11:41:08.291Z,
Searched for under,2019-08-26T11:41:04.066Z,
Searched for kenny vs levi,2019-08-26T11:21:29.382Z,
Searched for gta 5 money unlimited,2019-08-26T08:55:34.540Z,
Searched for gta 5 money glitch,2019-08-26T08:54:06.367Z,
Searched for note 10 plus vs oneplus 7 pro,2019-08-25T17:58:15.519Z,
Searched for madara,2019-08-25T07:21:16.898Z,
Searched for naruto vs sasuke,2019-08-25T03:39:16.817Z,
Searched for watch dog,2019-08-24T10:47:47.208Z,
Searched for ending phineas and ferb,2019-08-24T10:12:40.032Z,
Searched for ending phenus and ferb,2019-08-24T10:12:06.254Z,
Searched for what you doing pheneus,2019-08-24T10:10:58.611Z,
Searched for what you doing,2019-08-24T10:09:59.725Z,
Searched for isabella,2019-08-24T10:09:00.978Z,
Searched for radial piston motor,2019-08-23T11:55:31.046Z,
Searched for here with me,2019-08-23T11:35:55.856Z,
Searched for naruto fights,2019-08-23T10:17:06.601Z,
Searched for how to swim up in gta 5,2019-08-23T07:06:39.893Z,
Searched for this is why you wear a helmet,2019-08-23T06:14:06.734Z,
Searched for saiyaan psycho,2019-08-23T05:22:15.111Z,
Searched for how does a solar system form,2019-08-23T04:49:04.268Z,
Searched for india road accident,2019-08-22T19:20:45.906Z,
Searched for indai road accident,2019-08-22T18:52:47.890Z,
Searched for this why you should wear helmet,2019-08-22T18:52:20.552Z,
Searched for this why you should wear helmet,2019-08-22T18:21:05.610Z,
Searched for isi helmet vs truck,2019-08-22T18:07:50.185Z,
Searched for isi helmet testing,2019-08-22T18:02:20.364Z,
Searched for naruto sorrow and sadness,2019-08-22T17:42:11.464Z,
Searched for naruto,2019-08-22T17:41:55.356Z,
Searched for best bike in india,2019-08-22T15:14:08.237Z,
Searched for how to remove thunder visor,2019-08-22T12:45:05.879Z,
Searched for naruto remix,2019-08-21T11:51:17.014Z,
Searched for studds thunder,2019-08-20T16:37:09.365Z,
Searched for udd gaye,2019-08-19T10:42:12.089Z,
Searched for studds vs steelbird,2019-08-18T18:05:15.751Z,
Searched for shippiden  episode 310,2019-08-18T15:37:14.055Z,
Searched for parasite heals migi,2019-08-18T14:04:06.558Z,
Searched for parasite heals,2019-08-18T14:03:57.290Z,
Searched for naruto vs nagato,2019-08-18T13:31:39.605Z,
Searched for naruto vs pain ending,2019-08-18T13:30:33.586Z,
Searched for jiraiya removes naruto's seal,2019-08-18T13:13:19.382Z,
Searched for how tight should your helmet be,2019-08-18T12:40:38.165Z,
Searched for how to check activa chassis number,2019-08-18T11:00:42.410Z,
Searched for how to remove visor,2019-08-18T10:48:05.822Z,
Searched for naruto remix,2019-08-18T05:36:23.834Z,
Searched for calm,2019-08-17T18:35:15.348Z,
Searched for rain song,2019-08-17T18:32:03.080Z,
Searched for wake up,2019-08-17T18:21:53.099Z,
Searched for wke up,2019-08-17T18:21:50.806Z,
Searched for interstellar music,2019-08-17T18:20:06.081Z,
Searched for interstellar,2019-08-17T18:19:57.377Z,
Searched for naruto violin,2019-08-17T18:19:37.076Z,
Searched for naruto voilin,2019-08-17T18:15:49.270Z,
Searched for single tune,2019-08-17T18:14:30.552Z,
Searched for motivation,2019-08-17T18:11:58.537Z,
Searched for mood,2019-08-17T18:10:10.547Z,
Searched for korra music,2019-08-17T17:46:08.062Z,
Searched for hercules animated,2019-08-17T11:00:49.686Z,
Searched for zeus fight scene,2019-08-17T10:54:06.053Z,
Searched for most powerful bender,2019-08-17T10:51:28.013Z,
Searched for most poweful bender,2019-08-17T10:41:25.890Z,
Searched for boom boom man,2019-08-17T10:35:10.925Z,
Searched for pli moment,2019-08-17T10:34:48.198Z,
Searched for zaheer girlfriend death,2019-08-17T10:28:51.480Z,
Searched for zaheer,2019-08-17T10:16:23.747Z,
Searched for iroh firebending,2019-08-17T10:12:09.335Z,
Searched for iroh,2019-08-17T10:11:55.269Z,
Searched for zuko vs ozai,2019-08-17T10:05:57.297Z,
Searched for toph vs aang,2019-08-17T09:58:28.492Z,
Searched for aang vs toph,2019-08-17T09:58:13.044Z,
Searched for aang final fight,2019-08-17T09:52:59.197Z,
Searched for aang best fight,2019-08-17T09:52:28.104Z,
Searched for aang fight,2019-08-17T09:52:25.987Z,
Searched for aang vs,2019-08-17T08:42:32.745Z,
Searched for how are specs made,2019-08-17T06:27:36.521Z,
Searched for motivation,2019-08-16T16:26:20.588Z,
Searched for epyc,2019-08-16T15:45:18.882Z,
Searched for tpty,2019-08-16T15:45:12.380Z,
Searched for cpvc,2019-08-16T15:45:04.944Z,
Searched for impact theory motivation,2019-08-15T18:25:54.989Z,
Searched for motivation,2019-08-15T18:23:43.065Z,
Searched for motivation dream,2019-08-15T18:09:53.918Z,
Searched for riddle ted,2019-08-15T18:02:43.352Z,
Searched for riddle,2019-08-15T18:02:30.205Z,
Searched for apna elaj apne hath,2019-08-15T15:30:46.969Z,
Searched for aang vs toph full fight,2019-08-15T12:47:05.163Z,
Searched for mithun chakraborty movies full,2019-08-15T12:44:12.361Z,
Searched for iladhar swami,2019-08-15T12:44:01.845Z,
Searched for mithun chakraborty in omg,2019-08-15T12:40:16.131Z,
Searched for radhe ma,2019-08-15T12:39:09.680Z,
Searched for o my god real life,2019-08-15T12:38:50.282Z,
Searched for o my god real life story,2019-08-15T12:38:27.921Z,
Searched for wwe motivation,2019-08-15T10:15:00.315Z,
Searched for what are you waiting for motivation,2019-08-15T10:12:51.586Z,
Searched for what are you eating for motivation,2019-08-15T10:12:35.573Z,
Searched for motivational stories by sandeep maheshwari,2019-08-15T10:02:46.638Z,
Searched for motivational stories,2019-08-15T09:37:11.763Z,
Searched for motivational whatsapp status,2019-08-15T09:36:59.486Z,
Searched for dog butchering,2019-08-15T07:31:16.765Z,
Searched for camel qurbani gone wrong,2019-08-15T07:27:13.792Z,
Searched for camel qurbani,2019-08-15T07:21:54.871Z,
Searched for cattle butchering,2019-08-15T07:20:02.634Z,
Searched for chicken Kaise katte,2019-08-15T07:17:30.393Z,
Searched for how to cut a chicken,2019-08-15T07:17:19.929Z,
Searched for qurbani goat,2019-08-15T06:59:16.882Z,
Searched for qurbani,2019-08-15T06:59:08.188Z,
Searched for bakra chilna,2019-08-15T06:51:06.052Z,
Searched for mutton biryani shadi,2019-08-15T06:49:24.190Z,
Searched for mutton biryani,2019-08-15T06:48:43.504Z,
Searched for sba 1 vs shifter,2019-08-14T16:55:51.305Z,
Searched for sba 1,2019-08-14T16:32:56.967Z,
Searched for sba 1 vs sba 2,2019-08-14T15:58:28.114Z,
Searched for helmet,2019-08-14T15:55:48.891Z,
Searched for motivation,2019-08-13T15:41:46.271Z,
Searched for Senorita,2019-08-13T12:07:27.736Z,
Searched for xxxtentacion Jocelyn,2019-08-13T09:49:33.420Z,
Searched for xxxtentacion moonlight amv,2019-08-13T09:49:22.330Z,
Searched for xxxtentacion moonlight,2019-08-13T09:48:19.471Z,
Searched for xxxtentacion i spoke to the devil in miami he said everything would be fine,2019-08-13T09:46:55.882Z,
Searched for guy vs madara,2019-08-13T09:15:34.217Z,
Searched for lemonade beyonce,2019-08-13T09:08:46.116Z,
Searched for madara vs hashirama,2019-08-13T08:14:59.652Z,
Searched for iroh,2019-08-13T08:01:33.169Z,
Searched for naruto vs pain,2019-08-13T07:14:37.058Z,
Searched for pixel 4,2019-08-13T06:39:42.648Z,
Searched for piya aao to mande ri baat kar liya,2019-08-13T06:39:36.183Z,
Searched for alone motivation,2019-08-12T17:49:52.508Z,
Searched for #Comedy,2019-08-11T19:26:13.451Z,
Searched for #StandUpComedy,2019-08-11T19:26:08.200Z,
Searched for #Rains,2019-08-11T19:26:01.086Z,
Searched for how to get rid of mosquitoes,2019-08-11T18:46:18.515Z,
Searched for toph best,2019-08-11T16:25:34.946Z,
Searched for toph best,2019-08-11T12:31:29.232Z,
Searched for what is cylindrical power of eye,2019-08-10T08:33:42.087Z,
Searched for amd,2019-08-10T04:42:05.071Z,
Searched for naruto speech,2019-08-08T17:42:51.634Z,
Searched for maruto speech,2019-08-08T17:42:49.463Z,
Searched for pixel 2,2019-08-08T17:29:58.971Z,
Searched for motivation,2019-08-08T17:29:26.902Z,
Searched for a30,2019-08-08T15:17:32.647Z,
Searched for a50 water test,2019-08-08T15:11:25.982Z,
Searched for S8,2019-08-08T14:48:19.575Z,
Searched for oneplus 7 pro vs samsung s10 plus speed test,2019-08-08T11:00:03.546Z,
Searched for note 10 plus vs oneplus 7 pro,2019-08-08T10:56:17.531Z,
Searched for note 10 vs oneplus 7 pro,2019-08-08T10:56:05.655Z,
Searched for interstellar,2019-08-07T18:22:57.070Z,
Searched for interstellar music,2019-08-07T18:22:54.107Z,
Searched for motivation,2019-08-07T18:14:34.427Z,
Searched for never give up,2019-08-07T18:11:48.704Z,
Searched for never give up naruto,2019-08-07T18:01:56.189Z,
Searched for mever give up,2019-08-07T18:00:54.104Z,
Searched for mever give up batman,2019-08-07T17:59:41.825Z,
Searched for road fury music,2019-08-07T17:43:36.807Z,
Searched for road fury,2019-08-07T17:42:57.139Z,
Searched for bahubali song,2019-08-07T17:41:54.372Z,
Searched for song,2019-08-07T17:41:40.983Z,
Searched for friends janice,2019-08-07T16:33:31.364Z,
Searched for friends janice and joey,2019-08-07T16:33:27.508Z,
Searched for jenice friends,2019-08-07T16:33:23.882Z,
Searched for jenifer friends,2019-08-07T16:33:09.726Z,
Searched for jenifer,2019-08-07T16:32:51.477Z,
Searched for stand up,2019-08-07T16:22:53.544Z,
Searched for awesome,2019-08-07T16:00:14.885Z,
Searched for pixel 2 vs pixel 3a,2019-08-07T11:25:46.507Z,
Searched for pixel 2,2019-08-07T11:18:49.988Z,
Searched for pixel 2 vs oneplus 5,2019-08-07T11:17:48.798Z,
Searched for legend of korra ending theme piano,2019-08-07T11:04:23.541Z,
Searched for avatar korra ending music,2019-08-07T11:02:21.192Z,
Searched for k20,2019-08-07T09:22:11.569Z,
Searched for f11 pro vs realme 3 pro,2019-08-07T09:03:07.612Z,
Searched for f11 pro,2019-08-07T08:54:28.844Z,
Searched for f11 pro vs oneplus 6,2019-08-07T08:52:24.635Z,
Searched for how toghf changed avatar,2019-08-07T04:34:45.945Z,
Searched for how toh changed avatar,2019-08-07T04:34:35.943Z,
Searched for how togh changed avatarr,2019-08-07T04:34:20.490Z,
Searched for avatar korra ending music remix,2019-08-06T18:33:07.207Z,
Searched for avatar korra ending music,2019-08-06T18:32:36.248Z,
Searched for avatar korra music,2019-08-06T05:16:11.955Z,
Searched for avatar korra ending music,2019-08-06T05:14:50.435Z,
Searched for why avatar korra ending music,2019-08-05T17:10:21.290Z,
Searched for avatar korra ending music,2019-08-05T17:09:56.883Z,
Searched for dheeme dheeme,2019-08-04T12:31:09.118Z,
Searched for how to accept your failure,2019-08-04T11:47:17.387Z,
Searched for avatar guru,2019-08-04T11:27:19.658Z,
Searched for avatar furu,2019-08-04T11:27:09.180Z,
Searched for one punch man season 3 date,2019-08-04T07:56:01.432Z,
Searched for one punch man season 3,2019-08-04T07:55:42.332Z,
Searched for oneplunch man season 3,2019-08-04T07:55:38.903Z,
Searched for when will attack on titan season 4 come out,2019-08-04T07:54:18.507Z,
Searched for katara in legend of korra,2019-08-04T07:27:33.767Z,
Searched for katara dies in legend of korra,2019-08-04T07:26:55.725Z,
Searched for zuko in legend of korra,2019-08-04T07:25:39.435Z,
Searched for zuko,2019-08-04T06:46:52.937Z,
Searched for Mexico City,2019-08-01T05:27:48.979Z,
Searched for train dampers working,2019-07-31T07:35:35.854Z,
Searched for who is paying beast boy,2019-07-31T04:12:15.010Z,
Searched for who is paying garfield,2019-07-31T04:11:55.363Z,
Searched for download essentialism,2019-07-30T19:16:10.547Z,
Searched for OnePlus 5,2019-07-30T17:16:27.776Z,
Searched for dheeme,2019-07-30T14:52:33.709Z,
Searched for moto z2 ambient display,2019-07-30T14:36:59.224Z,
Searched for moto z2 active display,2019-07-30T14:34:18.887Z,
Searched for moto z2 ative display,2019-07-30T14:34:15.351Z,
Searched for moto z2 wake up,2019-07-30T14:32:56.267Z,
Searched for z2 wake up,2019-07-30T14:32:45.232Z,
Searched for basanti no dance,2019-07-30T14:18:38.689Z,
Searched for bear modi,2019-07-30T10:39:57.318Z,
Searched for midoriya,2019-07-30T08:37:06.332Z,
Searched for midlriya,2019-07-30T08:37:04.136Z,
Searched for kunal,2019-07-30T08:32:03.747Z,
Searched for modi vs bear grylls,2019-07-30T08:31:55.532Z,
Searched for spider man into the spider verse,2019-07-30T08:20:46.423Z,
Searched for spider man into the spider verse review,2019-07-30T08:20:38.996Z,
Searched for pixel,2019-07-30T03:16:26.903Z,
Searched for jake and amy,2019-07-29T14:23:44.244Z,
Searched for mel robbins impact theory,2019-07-29T13:23:35.390Z,
Searched for mel robins,2019-07-29T13:23:21.278Z,
Searched for mel robbins ted talk,2019-07-28T17:46:34.824Z,
Searched for mel robins,2019-07-28T17:46:14.278Z,
Searched for .el robins,2019-07-28T17:46:05.097Z,
Searched for motivation impac,2019-07-28T17:37:12.119Z,
Searched for motivation,2019-07-28T17:37:01.604Z,
Searched for simon sinek impact,2019-07-28T17:24:48.461Z,
Searched for simon sinek,2019-07-28T17:24:44.350Z,
Searched for simon sinek on motivationmadness,2019-07-28T17:24:23.322Z,
Searched for simon sinek on motivation,2019-07-28T17:24:03.223Z,
Searched for motivation madness,2019-07-28T17:22:59.870Z,
Searched for motivation,2019-07-28T15:48:58.796Z,
Searched for batman music,2019-07-28T15:48:10.490Z,
Searched for madmax music,2019-07-28T15:44:23.046Z,
Searched for madmax,2019-07-28T15:44:12.215Z,
Searched for batman gotham knight,2019-07-28T15:43:18.346Z,
Searched for batman in india,2019-07-28T15:29:30.516Z,
Searched for batman best motivation,2019-07-28T15:24:47.015Z,
Searched for aang vs firelord ozai full fight,2019-07-28T15:17:14.528Z,
Searched for aang vs,2019-07-28T15:16:48.916Z,
Searched for how to increase focus,2019-07-28T15:14:15.378Z,
Searched for barney and robin,2019-07-28T09:12:22.814Z,
Searched for stand up,2019-07-28T07:09:26.900Z,
Searched for a70,2019-07-28T04:46:03.645Z,
Searched for spider man into the spider verse review variant comic,2019-07-27T14:49:06.161Z,
Searched for spider man into the spider verse review,2019-07-27T14:48:33.972Z,
Searched for spider man into the spider verse,2019-07-27T14:48:26.012Z,
Searched for dheeme,2019-07-27T14:35:13.025Z,
Searched for tere do naina,2019-07-26T17:58:50.393Z,
Searched for ted,2019-07-25T15:12:47.139Z,
Searched for kunal,2019-07-24T10:34:17.601Z,
Searched for #StandupComedy,2019-07-24T10:21:50.336Z,
Searched for #India,2019-07-24T10:20:35.104Z,
Searched for stand up,2019-07-23T14:35:24.996Z,
Searched for how to reduce stress,2019-07-23T14:26:57.746Z,
Searched for sunflower,2019-07-22T18:05:50.759Z,
Searched for Innocent,2019-07-22T18:05:41.641Z,
Searched for Kuvira full robot,2019-07-21T06:16:34.646Z,
Searched for Simon sinek 2019,2019-07-21T05:37:21.284Z,
Searched for Simon sinek,2019-07-21T05:37:16.993Z,
Searched for How to make fried rice,2019-07-20T14:41:14.689Z,
Searched for How to make fried,2019-07-20T14:41:09.194Z,
Searched for gotham by gaslight,2019-07-20T10:44:07.292Z,
Searched for Hp laser jet giving faded print,2019-07-20T07:39:36.550Z,
Searched for Hp laser jet giving faded print,2019-07-20T07:03:24.069Z,
Searched for Mi a3,2019-07-20T06:54:59.423Z,
Searched for Hp laserjet 1022 laser unit,2019-07-20T06:31:14.347Z,
Searched for Hp laserjet 1022 light print,2019-07-20T06:31:12.036Z,
Searched for Hp laserjet 1022 laser unit,2019-07-20T05:50:53.908Z,
Searched for Hp laserjet 1022,2019-07-20T05:44:22.731Z,
Searched for Hp laser printer 1022 one side light,2019-07-20T04:51:30.236Z,
Searched for stand up,2019-06-13T06:17:15.685Z,
Searched for stanup,2019-06-13T06:17:13.122Z,
Searched for best,2019-06-13T06:17:02.954Z,
Searched for standup,2019-06-13T04:25:09.107Z,
Searched for road to the jungle,2019-06-12T17:50:38.730Z,
Searched for batman vs zoom,2019-06-12T15:11:06.923Z,
Searched for techibee,2019-06-12T02:01:49.514Z,
Searched for kunal,2019-06-10T17:10:22.716Z,
Searched for standup,2019-06-10T17:10:01.813Z,
Searched for alvin lalduhawma,2019-06-08T04:00:31.387Z,
Searched for alvind,2019-06-08T04:00:21.429Z,
Searched for korra best fights,2019-06-07T18:21:15.160Z,
Searched for activa 125 body guard,2019-06-07T15:27:57.234Z,
Searched for one punch man season 2 episode 9,2019-06-06T01:14:03.323Z,
Searched for aang vs zaheer,2019-06-05T08:11:52.126Z,
Searched for activa diggi open without key,2019-06-04T15:15:59.573Z,
Searched for prototype,2019-06-03T12:47:12.244Z,
Searched for shameless,2019-04-06T13:14:45.111Z,
Searched for pixel 3 vs huawei p30 pro,2019-04-06T12:20:27.155Z,
Searched for pixel vs huawei p30,2019-04-06T12:20:23.893Z,
Searched for durre shahwar,2019-04-06T07:44:55.804Z,
Searched for dude a shaver,2019-04-06T07:40:34.266Z,
Searched for do Rochelle,2019-04-06T07:40:24.561Z,
Searched for gully boy parody,2019-04-06T05:30:25.670Z,
Searched for gully boy,2019-04-06T05:30:14.357Z,
Searched for how to calm your mind,2019-04-05T15:56:43.258Z,
Searched for little do you know,2019-04-05T15:46:33.988Z,
Searched for how to focus,2019-04-04T08:43:32.217Z,
Searched for young sheldon hallway touch,2019-04-03T16:37:29.486Z,
Searched for pixel 2 vs oneplus 5,2019-04-03T12:50:06.927Z,
Searched for pixel 2,2019-04-03T12:19:02.503Z,
Searched for I have a dream,2019-04-03T11:05:11.263Z,
Searched for bolt story,2019-04-03T09:57:39.718Z,
Searched for bolt stpry,2019-04-03T09:55:09.440Z,
Searched for Muhammad Ali speech,2019-04-02T14:48:41.506Z,
Searched for Muhammad Ali,2019-04-02T14:48:26.264Z,
Searched for motivation,2019-04-02T13:54:42.483Z,
Searched for motivation,2019-04-02T12:08:57.883Z,
Searched for bahut hard,2019-04-02T11:49:28.763Z,
Searched for chandler and ginger,2019-04-02T10:41:21.386Z,
Searched for joe jinger family,2019-04-02T10:41:03.524Z,
Searched for ginger joe,2019-04-02T10:40:48.864Z,
Searched for pixel 2 vs oneplus 5,2019-04-01T05:34:43.748Z,
Searched for bphon,2019-03-31T16:54:52.142Z,
Searched for chakra,2019-03-31T05:18:18.811Z,
Searched for how does tower fan work,2019-03-30T16:55:06.028Z,
Searched for how does an air cooler work without water,2019-03-30T16:51:52.282Z,
Searched for how does an air cooler work,2019-03-30T16:48:09.429Z,
Searched for how to love yourself,2019-03-30T16:40:03.534Z,
Searched for step up best dance scenes,2019-03-29T13:26:41.341Z,
Searched for axe boat party ad,2019-03-28T16:51:32.408Z,
Searched for azeem banatwalla,2019-03-28T16:49:14.935Z,
Searched for kamariya,2019-03-28T16:25:35.888Z,
Searched for chogada tara,2019-03-28T16:25:19.853Z,
Searched for hey mama,2019-03-28T16:12:01.429Z,
Searched for sunflower,2019-03-28T14:34:43.070Z,
Searched for sunflower,2019-03-28T11:53:14.635Z,
Searched for sunflower,2019-03-27T07:36:01.812Z,
Searched for sunflower,2019-03-27T02:46:02.813Z,
Searched for what up danger,2019-03-26T16:27:17.236Z,
Searched for sunflower,2019-03-26T16:06:20.876Z,
Searched for psychology,2019-03-24T16:53:01.644Z,
Searched for best earphones gaming,2019-03-24T10:19:14.673Z,
Searched for best earphones,2019-03-24T10:17:59.997Z,
Searched for what's up danger,2019-03-23T16:47:20.123Z,
Searched for inside quest,2019-03-23T05:13:59.433Z,
Searched for simon sinek,2019-03-23T05:13:38.687Z,
Searched for ted,2019-03-23T05:12:35.167Z,
Searched for all might best Singh,2019-03-21T12:23:52.353Z,
Searched for call my best scene,2019-03-21T12:23:44.424Z,
Searched for I am here,2019-03-21T12:23:13.959Z,
Searched for arigatou gozaimasu,2019-03-21T12:23:04.765Z,
Searched for kunal kamra,2019-03-21T10:32:13.990Z,
Searched for pm narendra modi trailer,2019-03-21T05:47:19.830Z,
Searched for modi trailer,2019-03-21T05:46:51.237Z,
Searched for modi,2019-03-21T05:46:42.564Z,
Searched for oneplus 5 vs note 7pro,2019-03-21T05:37:11.478Z,
Searched for oneplus 5 vs note 7pro,2019-03-20T05:05:02.206Z,
Searched for OnePlus 5 vs note 7pro,2019-03-20T05:04:01.811Z,
Searched for standup,2019-03-19T17:39:37.593Z,
Searched for ab kare to kare kya bole to bole kya,2019-03-19T14:55:32.334Z,
Searched for joe,2019-03-19T02:27:49.559Z,
Searched for Bluetooth keyless vehicle,2019-03-18T03:37:13.521Z,
Searched for bertha benz,2019-03-16T02:51:00.899Z,
Searched for lamberghini dance,2019-03-15T17:40:40.488Z,
Searched for Sheldon laughing,2019-03-15T17:04:06.677Z,
Searched for lele pons,2019-03-14T17:16:56.720Z,
Searched for redmi note 7 bend,2019-03-13T18:15:04.759Z,
Searched for redmi note 7,2019-03-13T18:14:51.584Z,
Searched for redmi note 7 bend,2019-03-13T06:57:37.008Z,
Searched for redmi note 7,2019-03-13T06:56:34.686Z,
Searched for believer song,2019-03-12T11:18:57.311Z,
Searched for believer song,2019-03-12T09:27:27.959Z,
Searched for rock songs,2019-03-12T09:26:34.219Z,
Searched for 3d lambergini,2019-03-12T09:23:55.517Z,
Searched for 3 d,2019-03-12T09:23:37.462Z,
Searched for shinichi become badass,2019-03-11T21:29:24.002Z,
Searched for tareefan,2019-03-11T20:35:01.831Z,
Searched for lamborghini,2019-03-11T04:52:07.415Z,
Searched for mad max best,2019-03-11T04:36:37.370Z,
Searched for king bach,2019-03-10T14:39:08.356Z,
Searched for kurapika vs spider,2019-03-10T14:00:39.644Z,
Searched for kurapika vs chrollo,2019-03-10T14:00:21.770Z,
Searched for chrollo lucilfer,2019-03-10T13:59:30.411Z,
Searched for chrollo lucilfer vs zoldyck,2019-03-10T13:51:26.035Z,
Searched for chorollo lucifer,2019-03-10T13:46:26.476Z,
Searched for gon vs jed,2019-03-10T13:07:51.245Z,
Searched for kurapika training,2019-03-10T12:50:32.059Z,
Searched for emiway,2019-03-10T05:42:59.696Z,
Searched for captain marvel post credit scene,2019-03-08T09:02:02.968Z,
Searched for captain marvel,2019-03-08T09:01:17.297Z,
Searched for stand-up comedy,2019-03-07T17:56:46.140Z,
Searched for standup,2019-03-07T17:27:17.577Z,
Searched for savage,2019-03-07T09:36:35.559Z,
Searched for gon hunter rising music,2019-03-06T15:39:20.124Z,
Searched for gon rising music,2019-03-06T15:39:08.561Z,
Searched for gon rising,2019-03-06T15:38:59.346Z,
Searched for kunal kamra,2019-03-06T10:33:55.313Z,
Searched for kanhaiya kumar,2019-03-05T15:44:31.363Z,
Searched for meruem after,2019-03-05T12:37:06.868Z,
Searched for merium after,2019-03-05T12:36:48.153Z,
Searched for killua vs shoot,2019-03-05T11:43:53.027Z,
Searched for kunal kamra,2019-03-05T08:47:51.224Z,
Searched for hanna stocking music,2019-03-04T13:30:17.073Z,
Searched for alluka,2019-03-04T12:31:07.409Z,
Searched for kunal,2019-03-04T09:41:32.613Z,
Searched for ted,2019-03-04T04:09:41.381Z,
Searched for bodhisattva real story,2019-03-03T16:58:21.376Z,
Searched for bodhisattva story,2019-03-03T16:58:05.382Z,
Searched for Bodhisattva!,2019-03-03T16:57:19.416Z,
Searched for golden 100 hands,2019-03-03T16:54:27.481Z,
Searched for news,2019-03-02T15:01:46.520Z,
Searched for 20 min body workout,2019-03-02T09:31:55.999Z,
Searched for duke side stand sensor,2019-03-02T08:02:28.013Z,
Searched for how to remove duke stand sensor wire,2019-03-02T06:57:05.932Z,
Searched for gon goes to kukuroo mountain,2019-03-02T05:04:30.163Z,
Searched for gon take back his eyes,2019-03-02T04:37:01.276Z,
Searched for naunika saves gon,2019-03-02T04:26:34.858Z,
Searched for how to make paneer,2019-03-02T03:20:20.954Z,
Searched for abhinandan latest video,2019-03-02T02:58:38.791Z,
Searched for abhinandan,2019-03-02T02:58:01.648Z,
Searched for abinandan,2019-03-02T02:57:03.348Z,
Searched for gon vs bomber,2019-03-01T17:06:35.207Z,
Searched for #Hannah,2019-03-01T15:22:20.759Z,
Searched for knuckles ability,2019-03-01T15:06:59.043Z,
Searched for duke side stand sensor,2019-03-01T14:31:14.266Z,
Searched for duke side stand sensor,2019-03-01T09:56:21.752Z,
Searched for duke side stand sensor,2019-03-01T09:23:36.459Z,
Searched for cardiovascular exercise,2019-02-28T15:30:43.469Z,
Searched for cardiovascular,2019-02-28T15:26:40.916Z,
Searched for hunter x hunter gon rising music,2019-02-27T17:22:57.636Z,
Searched for hunter x hunter rising music,2019-02-27T17:22:32.787Z,
Searched for oneplus 5 update,2019-02-27T13:53:49.851Z,
Searched for onelus 5 update,2019-02-27T13:53:36.762Z,
Searched for onelus 5,2019-02-27T13:53:30.898Z,
Searched for girlfriend song,2019-02-26T15:35:18.989Z,
Searched for https://youtu.be/P5eXBTniE8o,2019-02-26T15:25:23.941Z,
Searched for tu long mai lachi,2019-02-26T15:25:17.670Z,
Searched for tu long mai lachi,2019-02-26T14:41:18.733Z,
Searched for gon vs netero,2019-02-26T14:09:30.799Z,
Searched for gon vs pitou,2019-02-24T16:27:08.444Z,
Searched for naruto vs pain,2019-02-24T15:53:06.689Z,
Searched for dilko tumse pyar hua indian idol season 10,2019-02-23T16:37:47.655Z,
Searched for dilko tumse pyar hua,2019-02-23T16:37:22.538Z,
Searched for kuch bhi mehta,2019-02-23T16:03:13.817Z,
Searched for kuch bhi,2019-02-23T16:02:26.987Z,
Searched for hunter x hunter volleyball game full,2019-02-23T12:55:51.448Z,
Searched for hunter x hunter rising music,2019-02-23T12:55:40.668Z,
Searched for kuch bhi mehta,2019-02-22T17:32:19.578Z,
Searched for standup,2019-02-22T14:51:32.358Z,
Searched for kunal kamra,2019-02-22T13:06:31.286Z,
Searched for giraftar,2019-02-21T06:57:22.230Z,
Searched for raftar,2019-02-21T06:53:17.261Z,
Searched for interstellar,2019-02-20T18:24:32.306Z,
Searched for dil hai chota sa full song,2019-02-20T17:43:06.574Z,
Searched for bantai,2019-02-20T17:09:55.960Z,
Searched for naezy,2019-02-20T16:58:53.768Z,
Searched for naezy rapper,2019-02-20T16:58:46.830Z,
Searched for naizi rapper,2019-02-20T16:58:37.882Z,
Searched for naizi,2019-02-20T16:58:32.596Z,
Searched for naixi,2019-02-20T16:58:27.461Z,
Searched for nazi,2019-02-20T16:58:19.877Z,
Searched for bahut hard,2019-02-20T16:42:52Z,
Searched for bahut,2019-02-20T16:42:46.192Z,
Searched for standup,2019-02-20T15:42:15.211Z,
Searched for my hero academia raid,2019-02-19T18:23:44.968Z,
Searched for my hero academia raid,2019-02-19T14:54:39.439Z,
Searched for how to increase acceleration of activa,2019-02-19T10:00:51.807Z,
Searched for seeker plus,2019-02-19T08:54:17.477Z,
Searched for seeker,2019-02-19T08:54:08.553Z,
Searched for gully boy,2019-02-19T06:41:00.661Z,
Searched for gully boy songs,2019-02-19T06:37:55.606Z,
Searched for bahut hard song,2019-02-19T06:27:02.958Z,
Searched for goriye,2019-02-19T06:25:27.672Z,
Searched for kaam bhari,2019-02-19T06:14:29.059Z,
Searched for azadi kunal kamra,2019-02-19T06:12:23.140Z,
Searched for azadi,2019-02-19T06:08:00.798Z,
Searched for mad max soundtrack,2019-02-19T05:13:37.629Z,
Searched for psychology,2019-02-18T13:00:37.095Z,
Searched for how does sun,2019-02-18T12:59:13.236Z,
Searched for how does sun,2019-02-18T07:50:33.558Z,
Searched for matter 1 seeker,2019-02-18T06:56:24.152Z,
Searched for matter 1,2019-02-18T06:56:18.897Z,
Searched for matter,2019-02-18T06:56:11.964Z,
Searched for nuclear fusion,2019-02-18T05:33:25.877Z,
Searched for nuclear fussion,2019-02-18T05:33:22.601Z,
Searched for nuclear fission,2019-02-18T05:29:33.251Z,
Searched for how to find age of fossils,2019-02-18T04:19:55.386Z,
Searched for how to find age,2019-02-18T04:19:35.400Z,
Searched for mad max soundtrack,2019-02-17T18:59:40.038Z,
Searched for my hero academia music,2019-02-17T18:54:19.646Z,
Searched for my hero academia,2019-02-17T18:54:10.578Z,
Searched for mari music,2019-02-17T18:44:29.111Z,
Searched for mari,2019-02-17T18:43:41.585Z,
Searched for my hero academia rising music,2019-02-17T18:30:34.889Z,
Searched for ted riddle,2019-02-17T16:21:09.984Z,
Searched for riddle,2019-02-17T16:15:01.221Z,
Searched for interstellar music,2019-02-17T14:40:56.466Z,
Searched for interstellar docking,2019-02-17T14:40:49.363Z,
Searched for almight,2019-02-16T05:54:45.228Z,
Searched for my hero academia,2019-02-16T05:54:39.379Z,
Searched for interstellar docking,2019-02-16T05:30:26.943Z,
Searched for theory of relativity,2019-02-16T05:27:38.740Z,
Searched for my hero academia best climax,2019-02-16T05:23:45.518Z,
Searched for midoriya vs todoroki,2019-02-15T09:56:46.780Z,
Searched for flacon f9,2019-02-15T06:35:52.402Z,
Searched for interstellar,2019-02-15T05:55:03.207Z,
Searched for theory of relativity,2019-02-14T04:33:06.672Z,
Searched for relatity,2019-02-14T04:32:52.566Z,
Searched for relatively,2019-02-14T04:32:46.547Z,
Searched for ashish chanchlani,2019-02-13T15:48:58.594Z,
Searched for jet engine,2019-02-13T05:54:05.165Z,
Searched for mad max soundtrack,2019-02-12T12:50:07.478Z,
Searched for madmax,2019-02-12T12:48:43.825Z,
Searched for how to dye clothes at home,2019-02-12T09:35:08.230Z,
Searched for ganja ganja,2019-02-11T15:04:11.530Z,
Searched for laga laga re laga prem rog,2019-02-11T14:15:57.101Z,
Searched for dust ai,2019-02-11T13:19:46.028Z,
Searched for apex,2019-02-10T18:12:10.391Z,
Searched for apes,2019-02-10T18:12:05.829Z,
Searched for my hero academia,2019-02-10T07:55:44.439Z,
Searched for cinematic,2019-02-09T15:18:14.945Z,
Searched for genius einstein episode 2 in hindi,2019-02-09T06:25:47.689Z,
Searched for oneplus 5 rom,2019-02-07T15:32:16.653Z,
Searched for OnePlus 5,2019-02-07T15:31:24.364Z,
Searched for pubg India,2019-02-06T17:15:59.450Z,
Searched for pubg,2019-02-06T17:15:42.284Z,
Searched for alita,2019-02-05T17:47:20.183Z,
Searched for game theory,2019-02-05T16:54:06.177Z,
Searched for riddick,2019-02-05T04:19:30.231Z,
Searched for self discipline,2019-02-02T18:25:11.790Z,
Searched for self discipline,2019-02-02T12:54:10.425Z,
Searched for bahut hard song,2019-02-02T07:10:42.260Z,
Searched for jerryrigeverything m20,2019-02-02T05:55:00.528Z,
Searched for jerryrigeverything,2019-02-02T05:54:55.418Z,
Searched for aeroplane on aeroplane,2019-02-02T05:22:37.904Z,
Searched for alita,2019-02-01T16:43:46.459Z,
Searched for jnu kunal kamra,2019-02-01T11:50:10.312Z,
Searched for jnu,2019-02-01T11:49:59.538Z,
Searched for kunal kamra,2019-02-01T11:49:45.421Z,
Searched for mini 14 sound,2019-02-01T11:41:05.861Z,
Searched for mini 14,2019-02-01T11:39:48.963Z,
Searched for afreen afreen and me,2019-02-01T11:17:10.398Z,
Searched for ham kale he to kya hua dilwale he dj,2019-02-01T11:16:39.950Z,
Searched for pal,2019-02-01T11:15:03.193Z,
Searched for mera man,2019-02-01T11:05:03.940Z,
Searched for kash,2019-02-01T11:04:47.544Z,
Searched for alita,2019-02-01T10:50:57.956Z,
Searched for alita,2019-02-01T10:02:39.540Z,
Searched for corporate job and motivation,2019-01-30T15:38:11.581Z,
Searched for kiasi teri khudgarzi mashup,2019-01-30T15:27:57.929Z,
Searched for kaisi teri khudgarzi,2019-01-30T15:27:51.138Z,
Searched for kiasi teri khudgarzi,2019-01-30T15:27:41.357Z,
Searched for mashup,2019-01-30T15:26:57.607Z,
Searched for oxy vs soul,2019-01-30T06:46:26.003Z,
Searched for oxy vs soul,2019-01-30T05:35:26.445Z,
Searched for oxy,2019-01-30T05:35:12.594Z,
Searched for how does submarine work,2019-01-29T19:58:02.873Z,
Searched for how does suarine work,2019-01-29T19:57:55.273Z,
Searched for #LaughsTV,2019-01-29T19:48:07.029Z,
Searched for mostlysane,2019-01-29T14:16:10.295Z,
Searched for apna time aayega,2019-01-29T04:30:34.112Z,
Searched for how does rocket guide,2019-01-27T07:56:47.640Z,
Searched for how does spaceship launcher guide,2019-01-27T07:53:05.351Z,
Searched for how does falcon guide,2019-01-27T07:52:46.455Z,
Searched for how does falcan guide,2019-01-27T07:52:38.955Z,
Searched for how does a rocket engine guide,2019-01-27T06:04:47.765Z,
Searched for naruto vs sasuke,2019-01-27T04:55:49.937Z,
Searched for standup,2019-01-26T18:18:53.536Z,
Searched for apna time aayega,2019-01-26T18:09:01.518Z,
Searched for bahut hard song,2019-01-26T17:47:46.073Z,
Searched for bahut,2019-01-26T17:47:39.049Z,
Searched for how missile engine works,2019-01-26T12:24:50.781Z,
Searched for missile engine,2019-01-26T12:00:10.092Z,
Searched for missile flight,2019-01-26T11:56:20.098Z,
Searched for bhabhi,2019-01-25T19:01:43.902Z,
Searched for #TheGamersToysLive,2019-01-24T04:13:55.114Z,
Searched for variable compression engine,2019-01-23T12:26:12.676Z,
Searched for mad max music,2019-01-22T15:36:22.841Z,
Searched for interstellar soundtrack,2019-01-22T15:32:45.391Z,
Searched for interstellar,2019-01-22T15:32:40.622Z,
Searched for how to check a psu with a multimeter,2019-01-21T06:16:22.950Z,
Searched for how does a plane engine work,2019-01-21T03:57:57.294Z,
Searched for oneplus 5 update,2019-01-20T18:12:44.705Z,
Searched for oneplus 5,2019-01-20T18:11:10.263Z,
Searched for friends,2019-01-19T04:38:59.418Z,
Searched for indian national anthem,2019-01-15T14:35:35.343Z,
Searched for vande mataram lata,2019-01-15T14:25:31.443Z,
Searched for dance on rang de basanti for boys,2019-01-15T13:56:28.724Z,
Searched for dance on rang de basanti,2019-01-15T13:56:03.884Z,
Searched for school dance on rang de basanti,2019-01-15T13:47:55.566Z,
Searched for rang de basanti songs,2019-01-15T13:46:53.622Z,
Searched for storytelling,2019-01-14T19:16:29.768Z,
Searched for 120,2019-01-14T19:12:52.104Z,
Searched for standup,2019-01-14T18:58:45.560Z,
Searched for allah ke bande,2019-01-14T16:56:23.513Z,
Searched for Jack Reacher,2019-01-13T11:50:56.291Z,
Searched for standup,2019-01-12T18:48:42.884Z,
Searched for riddle,2019-01-11T19:37:16.008Z,
Searched for riddle,2019-01-11T19:04:01.827Z,
Searched for pubg interview in india,2019-01-11T18:10:00.200Z,
Searched for pubg in india,2019-01-11T18:09:36.204Z,
Searched for pubg,2019-01-11T18:09:22.274Z,
Searched for hayat and murad,2019-01-11T12:14:10.042Z,
Searched for asli,2019-01-11T12:13:01.213Z,
Searched for asli moments,2019-01-11T11:43:51.552Z,
Searched for asli ferhat moments,2019-01-11T11:43:44.075Z,
Searched for temple riddle,2019-01-11T04:54:46.502Z,
Searched for breakup raghvan kohli,2019-01-10T10:28:13.173Z,
Searched for breakuo ragvhan kholi,2019-01-10T10:28:09.716Z,
Searched for ragvhan,2019-01-10T10:27:57.950Z,
Searched for riddle,2019-01-09T17:59:19.272Z,
Searched for samsung waterproof phone,2019-01-09T14:18:26.334Z,
Searched for ip68,2019-01-09T14:18:09.533Z,
Searched for dynamo pubg,2019-01-08T04:39:54.737Z,
Searched for dynamo best,2019-01-08T04:37:41.730Z,
Searched for pubg,2019-01-08T04:30:16.372Z,
Searched for kickass moments,2019-01-05T15:51:33.198Z,
Searched for gully boy trailer,2019-01-04T19:15:35.662Z,
Searched for app ke aa janese,2019-01-04T10:00:24.156Z,
Searched for writing machine,2019-01-04T06:09:31.258Z,
Searched for afreen afreen,2019-01-04T05:07:30.181Z,
Searched for Canvas Laugh Club,2019-01-03T18:39:28.544Z,
Searched for ted,2019-01-03T17:07:27.937Z,
Searched for mad Max music,2019-01-03T15:35:29.073Z,
Searched for mini 14 sound,2019-01-03T15:12:27.696Z,
Searched for mini 14,2019-01-03T15:12:19.182Z,
Searched for corporate job and motivation,2019-01-03T10:48:47.637Z,
Searched for kya wo pyar tha,2019-01-03T10:34:33.891Z,
Searched for kya hua yaar na,2019-01-03T10:34:26.571Z,
Searched for how to make adrak lassun vinegar,2019-01-02T16:16:18.543Z,
Searched for kya wo pyar tha,2019-01-02T15:20:55.317Z,
Searched for kunal kamra,2019-01-02T14:40:12.818Z,
Searched for standup,2019-01-02T14:36:02.188Z,
Searched for hrx shoes review,2019-01-02T14:34:41.935Z,
Searched for find x,2019-01-02T06:35:39.304Z,
Searched for oneplus 5,2019-01-01T07:58:03.890Z,
Searched for jolly setia,2019-01-01T05:20:32.380Z,
Searched for jeet,2019-01-01T05:05:10.154Z,
Searched for end of the batman,2019-01-01T04:50:50.691Z,
Searched for the living legend part 2,2019-01-01T04:50:34.545Z,
Searched for the living legend,2019-01-01T04:50:21.208Z,
Searched for thackeray movie trailer,2019-01-01T04:06:10.040Z,
Searched for simon sinek,2019-01-01T04:00:17.287Z,
Searched for simon sinek,2018-12-31T19:03:47.121Z,
Searched for how to remove fish bone,2018-12-31T04:21:00.963Z,
Searched for how to remove,2018-12-31T04:20:44.999Z,
Searched for oneplus 5,2018-12-31T03:00:53.050Z,
Searched for chogada tara,2018-12-30T14:47:24.080Z,
Searched for ultimate,2018-12-30T14:46:53.653Z,
Searched for hrx shoes review,2018-12-30T07:21:33.279Z,
Searched for hrx,2018-12-30T07:15:26.008Z,
Searched for storytelling,2018-12-29T18:11:57.550Z,
Searched for mumbaiker nikhil,2018-12-29T05:18:56.057Z,
Searched for standup,2018-12-28T18:00:32.236Z,
Searched for standup,2018-12-28T11:24:25.097Z,
Searched for ben ultimate vs kevin,2018-12-26T14:33:10.085Z,
Searched for standup,2018-12-24T13:22:45.077Z,
Searched for Sherlock best,2018-12-21T17:12:31.311Z,
Searched for winter soldier starting,2018-12-19T15:53:43.941Z,
Searched for winter soilder starting,2018-12-19T15:53:26.445Z,
Searched for nick fury shows captain,2018-12-19T15:52:57.171Z,
Searched for captain america lift hellicarier,2018-12-19T15:52:24.820Z,
Searched for captain america lift,2018-12-19T15:51:49.893Z,
Searched for captain america  lift,2018-12-19T15:34:09.436Z,
Searched for captain america,2018-12-19T15:33:56.320Z,
Searched for batman best scenes,2018-12-19T07:21:44.342Z,
Searched for #FullEpisode01,2018-12-18T05:19:57.083Z,
Searched for warina hussain,2018-12-15T06:29:18.097Z,
Searched for elseworlds,2018-12-10T14:52:26.271Z,
Searched for elsewords,2018-12-10T14:45:33.777Z,
Searched for elseworls,2018-12-10T14:45:26.073Z,
Searched for knock knock ending,2018-12-09T10:24:34.624Z,
Searched for knock knock best,2018-12-09T10:13:53.517Z,
Searched for knock knock,2018-12-09T09:53:08.649Z,
Searched for monkey,2018-12-08T17:20:02.461Z,
Searched for max pubgm kills,2018-12-08T07:32:23.711Z,
Searched for max pubg kills,2018-12-08T07:29:32.542Z,
Searched for 200iq,2018-12-07T17:30:00.118Z,
Searched for crime,2018-12-06T10:24:39.759Z,
Searched for https://youtu.be/A_Ls1GxlSiA,2018-12-06T10:06:37.168Z,
Searched for f type,2018-12-06T08:01:11.670Z,
Searched for haymur 50 shades of grey,2018-12-05T13:42:40.780Z,
Searched for murhay 50 shades of grey,2018-12-05T13:42:26.486Z,
Searched for garden of words,2018-12-05T12:06:33.668Z,
Searched for before we go ending,2018-12-05T10:27:26.368Z,
Searched for Hindi tennis song,2018-12-05T02:47:37.486Z,
Searched for tennis song,2018-12-05T02:46:39.350Z,
Searched for can you suck,2018-12-05T02:46:30.936Z,
Searched for jai jai shiv shankar,2018-12-05T02:45:57.435Z,
Searched for 18 plus,2018-12-03T18:39:30.683Z,
Searched for crime patrol best scenes,2018-12-03T18:39:05.556Z,
Searched for crime patrol 18 plus scenes,2018-12-03T18:38:55.028Z,
Searched for crime patrol 18 plus,2018-12-03T18:38:45.875Z,
Searched for how to marinate chicken,2018-12-02T13:19:11.574Z,
Searched for oneplus 5,2018-12-01T10:29:07.176Z,
Searched for kamariya,2018-11-30T18:11:55.863Z,
Searched for lo lol,2018-11-28T12:34:29.218Z,
Searched for garden of words,2018-11-28T11:39:49.713Z,
Searched for duke,2018-11-28T09:57:54.974Z,
Searched for urvashi,2018-11-27T03:43:49.358Z,
Searched for ,2018-11-27T02:59:06.782Z,
Searched for maslan design,2018-11-27T02:58:07.484Z,
Searched for maslan,2018-11-27T02:57:48.099Z,
Searched for venom music,2018-11-26T15:53:16.543Z,
Searched for black friday full movie in hindi,2018-11-26T15:49:09.565Z,
Searched for venom music trap,2018-11-26T07:46:44.672Z,
Searched for venom music,2018-11-26T07:45:51.883Z,
Searched for venom,2018-11-26T07:44:50.993Z,
Searched for venom ending scene,2018-11-25T08:26:02.804Z,
Searched for avengers vs ultron animated,2018-11-24T09:44:15.261Z,
Searched for avengers vs ultron,2018-11-24T09:44:04.419Z,
Searched for hulkbuster bruce banner,2018-11-24T06:17:21.638Z,
Searched for hulk buster,2018-11-24T06:03:42.839Z,
Searched for livewire,2018-11-24T04:04:08.309Z,
Searched for zero,2018-11-23T18:18:47.309Z,
Searched for maine,2018-11-23T18:18:36.248Z,
Searched for top woosh,2018-11-23T12:09:24.995Z,
Searched for minions boat,2018-11-23T12:04:56.082Z,
Searched for minions backo,2018-11-23T12:04:17.291Z,
Searched for bako,2018-11-23T12:03:59.491Z,
Searched for weird science ending,2018-11-22T10:07:40.341Z,
Searched for weird science,2018-11-22T10:05:25.178Z,
Searched for #scifimovie,2018-11-22T07:58:44.519Z,
Searched for the fifth element full movie,2018-11-22T07:36:03.948Z,
Searched for iron man nanotechnology armor,2018-11-22T03:47:05.190Z,
Searched for bantai,2018-11-20T11:28:42.515Z,
Searched for bantai,2018-11-20T10:41:36.683Z,
Searched for oxygen os on redmi note 4,2018-11-20T10:02:24.570Z,
Searched for redmi Note 6 Pro,2018-11-20T05:43:36.864Z,
Searched for cars ending,2018-11-19T13:49:05.601Z,
Searched for ratatouille full movie in hindi,2018-11-18T06:22:15.450Z,
Searched for afraid of batman,2018-11-17T13:48:22.921Z,
Searched for batman,2018-11-17T13:48:10.463Z,
Searched for koe no katachi,2018-11-17T13:23:18.337Z,
Searched for l ll be good,2018-11-17T13:13:28.238Z,
Searched for https://youtu.be/2HMVMivv4A8,2018-11-16T18:18:02.113Z,
Searched for sandeepa dhar,2018-11-16T13:55:18.943Z,
Searched for sandeepa dhar,2018-11-16T11:39:52.801Z,
Searched for riddick vs,2018-11-16T07:59:41.751Z,
Searched for sandeepa dhar,2018-11-16T05:33:18.856Z,
Searched for ibne safi imran series,2018-11-15T17:17:47.349Z,
Searched for ibne safi,2018-11-15T17:17:33.220Z,
Searched for melvin louis,2018-11-15T16:17:58.864Z,
Searched for mitron,2018-11-15T16:17:38.662Z,
Searched for penguins of madagascar,2018-11-14T12:58:34.133Z,
Searched for chainsmokers,2018-11-14T12:26:23.965Z,
Searched for statesman vs kingsman,2018-11-14T12:21:47.371Z,
Searched for inanna sarkis best,2018-11-14T12:21:11.404Z,
Searched for inanna sarkis,2018-11-14T12:20:59.429Z,
Searched for Pyaar Lafzon mein kahan song,2018-11-14T12:12:18.713Z,
Searched for Pyaar Lafzon mein kahan,2018-11-14T12:12:07.499Z,
Searched for mann mayal,2018-11-14T12:11:48.042Z,
Searched for sanam maya ali crying,2018-11-14T12:11:10.764Z,
Searched for maya ali dramas,2018-11-14T12:10:55.371Z,
Searched for Maya Ali,2018-11-14T12:10:27.096Z,
Searched for mihaly,2018-11-14T12:10:18.825Z,
Searched for aima baig nanhay haathon,2018-11-14T12:09:03.368Z,
Searched for aima Baig,2018-11-14T12:08:18.884Z,
Searched for I am back,2018-11-14T12:08:04.543Z,
Searched for interstellar,2018-11-14T12:06:47.411Z,
Searched for hande,2018-11-14T12:03:33.684Z,
Searched for away from home,2018-11-14T11:52:36.667Z,
Searched for interstellar override,2018-11-14T11:44:25.448Z,
Searched for override,2018-11-14T11:43:31.655Z,
Searched for fury shows in winter soldier,2018-11-14T11:41:39.500Z,
Searched for how to control anxiety,2018-11-14T06:02:43.181Z,
Searched for i ll be good,2018-11-14T03:14:57.669Z,
Searched for supersonic,2018-11-13T15:02:59.874Z,
Searched for best budget sport shoes pune,2018-11-12T10:59:52.794Z,
Searched for sairat full movie,2018-11-11T08:34:00.433Z,
Searched for sairat 1,2018-11-11T08:33:41.542Z,
Searched for kio no katachi,2018-11-11T08:03:13.430Z,
Searched for me myself,2018-11-11T07:21:12.660Z,
Searched for ted,2018-11-10T17:28:20.776Z,
Searched for 8d music believer,2018-11-10T03:17:19.045Z,
Searched for 8 d,2018-11-10T03:15:18.931Z,
Searched for paralyzed,2018-11-09T18:36:43.244Z,
Searched for bruce almighty movie clip 8,2018-11-09T17:16:52.669Z,
Searched for bruce almighty full movie in hindi dubbed,2018-11-09T17:16:23.822Z,
Searched for #CanvasLaughClub,2018-11-09T16:28:52.963Z,
Searched for stand up comedy,2018-11-09T16:28:40.455Z,
Searched for amv,2018-11-09T14:54:27.577Z,
Searched for best amv,2018-11-09T14:41:03.151Z,
Searched for vevo,2018-11-09T14:40:20.657Z,
Searched for vevoo,2018-11-09T14:40:18.483Z,
Searched for boat 100 vs 225,2018-11-09T05:44:32.855Z,
Searched for boat 100 vs 225,2018-11-08T17:45:48.193Z,
Searched for bass,2018-11-08T17:43:57.462Z,
Searched for 8d music,2018-11-08T17:39:57.833Z,
Searched for cook up a storm full movie,2018-11-08T13:22:19.109Z,
Searched for trailer,2018-11-08T10:46:35.996Z,
Searched for maouli trailer,2018-11-08T10:45:22.650Z,
Searched for maouli,2018-11-08T10:45:07.961Z,
Searched for amv,2018-11-08T08:19:16.494Z,
Searched for daddy mummy,2018-11-08T06:03:20.157Z,
Searched for everything wrong with interstellar,2018-11-07T15:28:49.998Z,
Searched for urvashi old,2018-11-07T14:32:38.250Z,
Searched for urvashi,2018-11-07T14:32:16.453Z,
Searched for machine songs,2018-11-07T13:51:40.597Z,
Searched for machine,2018-11-07T13:51:10.683Z,
Searched for urvashi,2018-11-07T13:38:45.613Z,
Searched for mib 3 time travel,2018-11-07T09:44:18.100Z,
Searched for sheikh chilli,2018-11-07T08:58:06.218Z,
Searched for hayat,2018-11-07T08:52:10.295Z,
Searched for google camera for oneplus 5,2018-11-07T05:28:11.282Z,
Searched for mib j meets k after time travel,2018-11-06T12:37:49.243Z,
Searched for men in black 3 song,2018-11-06T12:31:25.152Z,
Searched for men in black 3 full movie,2018-11-06T11:24:23.354Z,
Searched for mib 3 full,2018-11-06T10:35:58.287Z,
Searched for tu hi hai mera junoon,2018-11-05T19:21:05.943Z,
Searched for urvashi,2018-11-05T18:22:25.665Z,
Searched for my deamons,2018-11-05T17:42:17.228Z,
Searched for naruto amv,2018-11-05T17:39:59.291Z,
Searched for skyfall ending,2018-11-05T17:10:16.261Z,
Searched for jack reacher,2018-11-05T16:37:51.968Z,
Searched for kenny sebastian,2018-11-05T07:54:25.829Z,
Searched for silent voice ending explained,2018-11-04T17:57:37.437Z,
Searched for after eren first transformation,2018-11-02T14:43:46.625Z,
Searched for mikasa removes eren,2018-11-02T14:43:30.031Z,
Searched for silent voice ending,2018-11-02T14:36:19.166Z,
Searched for silent voice ending explained,2018-11-02T14:36:15.392Z,
Searched for two heroes full movie,2018-11-02T13:52:11.585Z,
Searched for zero,2018-11-02T13:08:02.416Z,
Searched for silent voice ending explained,2018-11-02T05:19:22.030Z,
Searched for zero,2018-11-02T05:17:28.310Z,
Searched for 0,2018-11-02T05:17:17.963Z,
Searched for #LoveratriTrailer,2018-11-01T15:45:32.597Z,
Searched for warina h,2018-11-01T15:44:19.317Z,
Searched for akh lad jave,2018-11-01T15:26:17.275Z,
Searched for OnePlus 5 rom,2018-11-01T08:31:00.958Z,
Searched for OnePlus 5,2018-11-01T08:30:57.378Z,
Searched for i ll be good,2018-10-31T07:17:22.391Z,
Searched for naruto vs sasuke,2018-10-31T07:05:43.967Z,
Searched for a silent voice english sub,2018-10-31T06:34:09.053Z,
Searched for a silent voice,2018-10-31T06:33:35.224Z,
Searched for amv,2018-10-31T06:31:10.643Z,
Searched for midoriya todoroki iida vs stain,2018-10-31T04:51:49.781Z,
Searched for midoriya todoroki,2018-10-31T04:51:35.671Z,
Searched for koe no katachi explain,2018-10-31T04:22:19.478Z,
Searched for koe no katachi,2018-10-31T04:21:40.426Z,
Searched for my hero academia amv,2018-10-31T03:59:28.434Z,
Searched for https://youtu.be/jvg4utKSjN8,2018-10-30T10:07:11.712Z,
Searched for oneplus 6t,2018-10-29T16:43:21.186Z,
Searched for oneplus 6t,2018-10-29T14:59:56.244Z,
Searched for OnePlus 6t,2018-10-29T14:49:10.043Z,
Searched for koe no katachi ending,2018-10-29T06:06:54.069Z,
Searched for koe no katachi,2018-10-29T06:06:40.138Z,
Searched for you say run  eren,2018-10-28T16:18:09.455Z,
Searched for erens first transformation full,2018-10-27T18:53:37.873Z,
Searched for eren first full,2018-10-27T18:18:05.133Z,
Searched for eren first full,2018-10-27T16:13:23.278Z,
Searched for eren first full,2018-10-27T15:22:12.979Z,
Searched for eren full,2018-10-27T15:10:52.328Z,
Searched for external youth,2018-10-27T13:49:20.232Z,
Searched for endless love from the myth,2018-10-27T13:48:48.045Z,
Searched for external youth,2018-10-27T11:48:55.985Z,
Searched for external youth,2018-10-27T09:12:11.850Z,
Searched for hip hop,2018-10-27T03:27:16.028Z,
Searched for #tokyodreaming,2018-10-27T03:27:12.115Z,
Searched for hip hop tokiyo,2018-10-27T03:26:21.454Z,
Searched for varun grovar,2018-10-25T19:35:22.900Z,
Searched for eren hip hop,2018-10-25T19:34:23.872Z,
Searched for eren hi hop,2018-10-25T19:33:47.944Z,
Searched for hip hop,2018-10-25T19:33:06.834Z,
Searched for blue bird,2018-10-25T19:30:15.032Z,
Searched for eren rampage,2018-10-25T08:20:18.080Z,
Searched for naruto sad trap,2018-10-23T19:07:02.436Z,
Searched for standup,2018-10-23T18:58:37.443Z,
Searched for hip hop,2018-10-23T18:48:02.188Z,
Searched for my hero academia rising music,2018-10-23T15:12:10.493Z,
Searched for my hero academia rising,2018-10-23T15:11:53.982Z,
Searched for my hero academia rise amv,2018-10-23T15:11:48.124Z,
Searched for my hero academia,2018-10-23T15:11:41.925Z,
Searched for border e pubg,2018-10-23T12:55:54.198Z,
Searched for https://youtu.be/mqPra3kUkMg,2018-10-23T12:44:47.522Z,
Searched for dastane pubg,2018-10-23T12:43:31.738Z,
Searched for beyond,2018-10-21T18:17:40.534Z,
Searched for antisocial comedy jam,2018-10-21T17:40:19.050Z,
Searched for antisocial,2018-10-21T17:39:15.645Z,
Searched for stand up comedy,2018-10-21T14:24:18.145Z,
Searched for Aakash Mehta,2018-10-21T13:19:35.199Z,
Searched for Kashmir,2018-10-21T13:19:24.047Z,
Searched for ted,2018-10-18T18:26:20.325Z,
Searched for simon sinek,2018-10-18T18:02:29.260Z,
Searched for Monroe shock absorber,2018-10-18T06:43:48.211Z,
Searched for ZF vs Monroe which one better,2018-10-18T06:43:25.996Z,
Searched for simon sinek,2018-10-18T04:57:52.794Z,
Searched for simon,2018-10-18T04:29:14.692Z,
Searched for kunal kamra,2018-10-18T04:28:34.589Z,
Searched for oneplus 5,2018-10-17T16:09:48.205Z,
Searched for kunal,2018-10-17T14:01:09.302Z,
Searched for kanal,2018-10-17T14:01:05.393Z,
Searched for you say run,2018-10-17T13:50:14.119Z,
Searched for deku first,2018-10-17T11:53:53.681Z,
Searched for my hero academia,2018-10-17T11:53:41.955Z,
Searched for gcam oneplus 5,2018-10-17T10:15:48.578Z,
Searched for #GCAM,2018-10-17T10:09:57.711Z,
Searched for mikasa,2018-10-16T19:35:24.435Z,
Searched for comedy,2018-10-16T19:27:20.446Z,
Searched for biswa,2018-10-16T19:23:18.245Z,
Searched for biswa,2018-10-16T18:40:07.345Z,
Searched for comedy,2018-10-16T18:33:07.218Z,
Searched for standup,2018-10-16T17:27:16.987Z,
Searched for eren 1 transformation,2018-10-16T15:08:24.534Z,
Searched for mikasa,2018-10-16T15:01:50.592Z,
Searched for stand up comedy,2018-10-14T20:22:29.899Z,
Searched for my hero academia,2018-10-14T12:09:03.963Z,
Searched for my hero academia,2018-10-14T11:27:22.106Z,
Searched for how to be productive,2018-10-13T14:19:30.478Z,
Searched for how to replace Bluetooth headphones pads,2018-10-13T08:16:13.226Z,
Searched for boat rockerz 400 repair,2018-10-13T08:15:47.431Z,
Searched for you say run,2018-10-13T06:34:45.346Z,
Searched for poco f1 durability test,2018-10-13T05:11:47.727Z,
Searched for hande ercel,2018-10-12T16:52:57.811Z,
Searched for bass,2018-10-12T16:34:02.511Z,
Searched for my hero academia,2018-10-12T16:17:20.947Z,
Searched for Simla Mirchi Ka salan,2018-10-11T15:01:06.399Z,
Searched for shimla mirch ka salan,2018-10-11T15:00:51.425Z,
Searched for oneplus 5 update,2018-10-11T13:59:51.201Z,
Searched for interstellar soundtrack,2018-10-11T11:28:59.397Z,
Searched for hande ercel,2018-10-11T11:27:21.354Z,
Searched for hande,2018-10-11T11:27:06.109Z,
Searched for interstellar soundtrack,2018-10-11T03:30:17.250Z,
Searched for z2 play,2018-10-11T02:41:45.435Z,
Searched for oneplus 5 teardown,2018-10-11T02:18:23.624Z,
Searched for oneplus 5,2018-10-11T02:18:13.463Z,
Searched for oneplus 5,2018-10-10T13:06:52.957Z,
Searched for OnePlus 5,2018-10-10T09:52:32.136Z,
Searched for how to not get bored while studying,2018-08-08T15:29:07.362Z,
Searched for how to not get boor while studying,2018-08-08T15:29:04.043Z,
Searched for how to make a multi core app work good on quad core cpu,2018-08-08T15:23:20.988Z,
Searched for almighty,2018-08-08T15:22:13.507Z,
Searched for you say run best,2018-08-08T15:20:43.093Z,
Searched for almighty smash,2018-08-08T15:09:57.463Z,
Searched for boku no hero best moments,2018-08-07T14:32:38.249Z,
Searched for boku no hero,2018-08-07T14:32:16.924Z,
Searched for naruto sad soundtrack remix,2018-08-07T13:07:13.063Z,
Searched for naruto sad soundtrack,2018-08-07T13:06:45.722Z,
Searched for attack on titan season 3 episode 3,2018-08-06T05:42:34.538Z,
Searched for attack on titan season 3,2018-08-06T05:42:31.096Z,
Searched for OnePlus 3 battery,2018-08-05T18:55:48.766Z,
Searched for OnePlus 3,2018-08-05T18:46:39.626Z,
Searched for attack on titan season 3 episode 3,2018-08-05T12:25:56.406Z,
Searched for attack on titan season 3,2018-08-05T12:23:17.452Z,
Searched for jetta radiator fan not working,2018-08-05T07:52:34.762Z,
Searched for mi 8 jerry rig everything,2018-08-05T06:09:18.040Z,
Searched for boku no hero academia season 3 episode 17,2018-08-04T10:24:39.097Z,
Searched for boku no hero academia season 3 episode 16,2018-08-04T10:23:27.150Z,
Searched for boku no hero academia season 3 episode 15,2018-08-04T10:22:21.615Z,
Searched for boku no hero academia season 3 episode 14,2018-08-04T10:22:02.498Z,
Searched for boku no hero academia season 3 episode 13,2018-08-04T10:21:54.891Z,
Searched for pubg in oneplus 3,2018-08-03T14:24:22.658Z,
Searched for boruto episode 67,2018-08-02T12:04:00.154Z,
Searched for boruto episode 75,2018-08-02T11:54:04.541Z,
Searched for boruto episode 68,2018-08-02T11:49:59.384Z,
Searched for oneplus 3 vs redmi note 5 pro speed,2018-08-02T08:37:15.728Z,
Searched for oneplus 3 vs redmi note 5 pro,2018-08-02T08:37:07.476Z,
Searched for note 5 pro vs OnePlus 3,2018-08-02T08:17:27.018Z,
Searched for note 5 pro review,2018-08-02T07:54:37.103Z,
Searched for pixel in 2018,2018-08-02T06:18:36.685Z,
Searched for how to lose weight,2018-08-02T04:23:17.127Z,
Searched for low carbon food,2018-08-02T04:18:07.530Z,
Searched for blue bird,2018-08-01T05:34:10.387Z,
Searched for assassin's creed,2018-07-03T09:48:08.588Z,
Searched for assassin's creed knife mechanism,2018-07-03T08:47:26.893Z,
Searched for assassin's creed mechanism,2018-07-03T08:47:11.844Z,
Searched for assassin's creed,2018-07-03T08:47:07.038Z,
Searched for sonic boom,2018-07-03T04:55:56.262Z,
Searched for bullet train,2018-07-03T04:53:15.148Z,
Searched for boku no hero academia season 3 episode 13,2018-06-30T16:26:52.506Z,
Searched for boku no hero academia season 3 episode 13,2018-06-30T09:46:01.150Z,
Searched for boku no hero academia season 3 episode 12,2018-06-30T09:45:16.491Z,
Searched for boku no hero academia season 3 episode 11,2018-06-30T09:44:46.147Z,
Searched for boku no hero academia season 3 episode 10,2018-06-30T09:44:31.606Z,
Searched for gon resolve,2018-06-30T04:22:54.800Z,
Searched for gon,2018-06-30T04:21:59.794Z,
Searched for boruto episode 63,2018-06-28T14:35:35.567Z,
Searched for how to open activa front wheel puncher,2018-06-28T06:37:16.816Z,
Searched for how to open activa front wheel,2018-06-28T06:36:53.088Z,
Searched for blue bird,2018-06-28T03:18:36.706Z,
Searched for blue,2018-06-28T03:18:26.044Z,
Searched for blue bird,2018-06-27T14:32:55.371Z,
Searched for cat,2018-06-27T10:58:48.170Z,
Searched for thunder,2018-06-27T10:27:52.820Z,
Searched for hunter gon takes his eyes,2018-06-27T07:49:33.808Z,
Searched for bluebird christina perri,2018-06-27T05:29:50.794Z,
Searched for blue bird,2018-06-27T05:27:19.400Z,
Searched for chibaku tensei,2018-06-25T16:57:46.880Z,
Searched for cibaku,2018-06-25T16:57:35.889Z,
Searched for cibwku,2018-06-25T16:57:31.653Z,
Searched for shutter speed,2018-06-24T16:12:45.470Z,
Searched for s9 plus aperture,2018-06-24T16:06:23.387Z,
Searched for s9 plus,2018-06-24T16:06:05.156Z,
Searched for blue bird,2018-06-24T15:40:51.741Z,
Searched for blue bird,2018-06-24T10:10:07.115Z,
Searched for j6 review,2018-06-24T08:21:57.865Z,
Searched for j6,2018-06-24T08:21:32.337Z,
Searched for my hero academia season 3 episode 12,2018-06-24T08:05:15.094Z,
Searched for my hero academia season 3 episode 10,2018-06-24T07:58:52.549Z,
Searched for boruto episode 63,2018-06-22T17:43:00.287Z,
Searched for boruto episode 62,2018-06-22T17:42:51.828Z,
Searched for cinematic trailer,2018-06-21T15:27:55.368Z,
Searched for cinematic trailee,2018-06-21T15:27:51.144Z,
Searched for hyper adaptive,2018-06-21T12:56:36.157Z,
Searched for best budget sport shoes pune,2018-06-21T12:52:47.302Z,
Searched for best budget sport shoes,2018-06-21T12:51:43.769Z,
Searched for best budget shoes,2018-06-21T12:51:12.379Z,
Searched for hrx shoes review,2018-06-21T12:33:16.963Z,
Searched for shoto,2018-06-21T10:19:06.988Z,
Searched for top rising moment,2018-06-21T09:51:42.268Z,
Searched for boruto episode 63,2018-06-21T09:49:08.501Z,
Searched for best running unisex shoes india,2018-06-21T04:47:51.794Z,
Searched for best running unisex shoes,2018-06-21T04:47:43.920Z,
Searched for how to use astringent,2018-06-20T15:13:34.302Z,
Searched for bb ki vines,2018-06-19T15:14:27.158Z,
Searched for Samsung,2018-06-19T11:59:31.113Z,
Searched for samsung under 10000,2018-06-19T11:54:55.784Z,
Searched for bb ki vines best,2018-06-19T03:25:15.450Z,
Searched for bb ki vines best,2018-06-18T17:44:10.961Z,
Searched for bb ki vines,2018-06-18T17:38:08.240Z,
Searched for OnePlus 3 vs zuk z2,2018-06-18T12:48:12.894Z,
Searched for OnePlus 3 vs zuk z1,2018-06-18T12:48:12.394Z,
Searched for songs 2018,2018-06-18T08:54:07.316Z,
Searched for spider telgu,2018-06-18T05:08:04.674Z,
Searched for spider,2018-06-18T05:05:57.467Z,
Searched for Google pixel  vs OnePlus 3,2018-06-17T17:04:13.886Z,
Searched for OnePlus 3 open beta 38,2018-06-17T14:58:37.760Z,
Searched for OnePlus 3 open beta,2018-06-17T14:57:20.382Z,
Searched for how to apply charcoal mask,2018-06-15T17:16:53.633Z,
Searched for boruto episode 62,2018-06-14T11:54:33.833Z,
Searched for boruto episode 62,2018-06-14T11:19:54.491Z,
Searched for zero,2018-06-14T09:50:20.219Z,
Searched for boruto episode 62,2018-06-14T09:47:47.976Z,
Searched for which shoes to wear with jeans,2018-06-13T18:24:48.407Z,
Searched for midoriya saves uraraka,2018-06-13T11:32:50.984Z,
Searched for migi moments,2018-06-12T17:34:15.682Z,
Searched for ging in meeting,2018-06-12T17:18:20.276Z,
Searched for gons resolve,2018-06-12T15:23:39.296Z,
Searched for gons resolve,2018-06-12T12:38:08.557Z,
Searched for maulana Tariq Jameel keena,2018-06-10T23:48:01.075Z,
Searched for moulana Tariq Jamel keena,2018-06-10T23:47:45.324Z,
Searched for moulana Tariq Jameel kina,2018-06-10T23:46:10.291Z,
Searched for bokus aur kina,2018-06-10T23:45:34.585Z,
Searched for lineage os 15.1 oneplus 3,2018-06-09T17:48:24.856Z,
Searched for lineageos 15.1,2018-06-09T17:48:20.005Z,
Searched for boku no hero academia season 3 episode 10,2018-06-09T12:04:41.585Z,
Searched for mechanical engineer jobs in india,2018-06-09T05:46:42.841Z,
Searched for civil engineering,2018-06-08T12:54:06.461Z,
Searched for hunter x hunter music theme,2018-06-07T23:20:32.446Z,
Searched for hunter x hunter rising music,2018-06-07T23:19:54.079Z,
Searched for hunter x hunter music,2018-06-07T23:17:51.629Z,
Searched for hunter netero bomb,2018-06-07T06:42:44.138Z,
Searched for netro self distructio,2018-06-07T06:42:11.192Z,
Searched for chicken masala,2018-06-05T12:45:23.041Z,
Searched for magisk modules,2018-06-05T12:27:42.616Z,
Searched for spidish,2018-06-04T16:57:00.617Z,
Searched for spiddish,2018-06-04T16:54:44.674Z,
Searched for spiddush,2018-06-04T16:54:36.822Z,
Searched for chibaku tensei,2018-06-04T13:22:07.760Z,
Searched for Deadpool 2,2018-06-04T12:51:28.091Z,
Searched for naruto music,2018-05-19T15:08:46.885Z,
Searched for boruto,2018-05-18T09:10:47.667Z,
Searched for borutp,2018-05-18T09:10:44.066Z,
Searched for oneplus 6 vs samsung s9 speed,2018-05-18T01:10:22.544Z,
Searched for oneplus 6 vs samsung s9,2018-05-18T01:09:01.934Z,
Searched for oneplus 6 launch event,2018-05-18T00:38:16.783Z,
Searched for 4k,2017-12-17T04:11:11.831Z,
Searched for best naat in the world,2017-12-17T03:50:36.068Z,
Searched for Dadi Amma,2017-12-17T03:48:16.875Z,
Searched for Nagamma manager,2017-12-17T03:48:08.533Z,
Searched for 4K samsung,2017-12-17T03:40:52.701Z,
Searched for 4K,2017-12-17T03:39:44.479Z,
Searched for 4k,2017-12-16T10:04:39.413Z,
